OrderID,DateVente,Magasin,Produit,Categorie,Quantité,PrixUnitaire,Remise,Total,ClientID,Retour,NoteClient
1,29/01/2025,M5,Chaise,Électronique,2,130,0.15,221.0,C1291,0,5.0
2,04/11/2023,M2,Plante,Décoration,1,70,0.15,59.5,C1241,0,4.0
3,09/07/2024,M1,Enceinte,Décoration,4,93,0.0,372.0,C1222,1,3.0
4,16/05/2023,M3,Lampe,Décoration,1,114,0.15,96.89999999999999,C1057,0,4.0
5,02/05/2024,M1,Enceinte,Meuble,4,38,0.05,144.4,C1058,0,2.0
6,27/05/2024,M2,Canapé,Décoration,3,234,0.05,666.9,C1138,0,3.0
7,30/04/2023,M5,Lampe,Électronique,3,85,0.0,255.0,C1094,0,4.0
8,21/01/2024,M3,Télévision,Décoration,4,78,0.0,312.0,C1144,0,4.0
9,17/10/2025,M4,Canapé,Meuble,2,143,0.0,286.0,C1135,0,
10,22/09/2024,M5,Lampe,Décoration,1,363,0.0,363.0,C1295,0,3.0
11,27/11/2023,M2,Chaise,Meuble,3,278,0.05,792.3,C1059,1,4.0
12,28/07/2024,M2,Plante,Électronique,5,73,0.1,328.5,C1003,1,2.0
13,11/06/2025,M1,Plante,Décoration,3,294,0.15,749.6999999999999,C1049,0,5.0
14,21/02/2024,M3,Chaise,électronique,1,171,0.1,153.9,C1150,0,
15,04/10/2025,m2,Chaise,Décoration,3,350,0.1,945.0,C1128,0,5.0
16,26/03/2023,M2,Table,Décoration,5,146,0.0,730.0,C1232,0,4.0
17,12/01/2025,M2,Tapis,Meuble,5,456,0.1,2052.0,C1104,0,5.0
18,12/01/2025,M5,Canapé,Électronique,4,184,0.15,625.6,C1183,0,5.0
19,08/01/2024,M2,Enceinte,Électronique,3,141,0.1,380.7,C1182,0,4.0
20,22/04/2024,M3,Plante,Meuble,3,330,0.15,841.5,C1233,0,1.0
21,27/01/2024,M4,Enceinte,Décoration,4,443,0.15,1506.2,C1290,0,4.0
22,08/08/2025,M2,Table,Électronique,3,342,0.05,974.6999999999999,C1214,1,3.0
23,16/09/2025,M3,Table,Électronique,1,55,0.1,49.5,C1059,1,4.0
24,01/03/2024,M2,Chaise,Décoration,5,102,0.0,510.0,C1140,1,1.0
25,30/10/2023,M5,Canapé,Décoration,5,298,0.15,1266.5,C1285,0,5.0
26,05/11/2023,M5,Plante,Meuble,1,207,0.1,186.3,C1182,0,4.0
27,20/09/2025,M3,Télévision,Décoration,5,211,0.15,896.75,C1106,1,
28,29/07/2025,M3,Table,Électronique,4,103,0.0,412.0,C1282,0,5.0
29,12/09/2024,M3,Télévision,Électronique,5,428,0.1,1926.0,C1094,0,2.0
30,01/09/2024,M3,Tapis,Décoration,3,123,0.15,313.65,C1141,0,2.0
31,18/01/2023,M1,Chaise,Décoration,2,151,0.1,271.8,C1295,0,1.0
32,05/03/2023,M2,Chaise,Électronique,5,36,0.0,162.0,C1095,0,
33,03/08/2025,M4,Télévision,Meuble,5,478,0.0,2390.0,C1047,0,
34,26/08/2023,M2,Plante,Décoration,2,354,0.15,541.62,C1215,0,1.0
35,14/06/2023,M5,Plante,Électronique,2,270,0.05,513.0,C1058,1,1.0
36,06/10/2024,M3,Chaise,Décoration,5,199,0.1,895.5,C1256,0,5.0
37,22/01/2025,M1,Plante,Décoration,1,329,0.05,312.55,C1012,0,
38,27/08/2023,M3,Canapé,Décoration,4,311,0.05,1181.8,C1207,0,5.0
39,12/12/2025,M1,Plante,Décoration,3,46,0.05,131.1,C1089,0,3.0
40,22/01/2025,m3,Table,Décoration,1,136,0.05,129.2,C1002,0,3.0
41,08/09/2025,M1,Télévision,Électronique,3,424,0.0,1272.0,C1144,1,4.0
42,23/08/2024,M4,Chaise,Décoration,4,468,0.1,1684.8,C1181,0,3.0
43,29/11/2024,M1,Tapis,Décoration,5,428,0.1,1926.0,C1232,0,
44,12/06/2024,M4,Enceinte,Électronique,4,454,0.05,1725.1999999999998,C1173,0,
45,16/06/2024,M4,Enceinte,Décoration,1,254,0.1,228.6,C1191,1,
46,29/07/2023,M5,Table,Décoration,5,495,0.1,2227.5,C1280,1,4.0
47,29/08/2024,M5,Lampe,Meuble,3,464,0.05,1322.3999999999999,C1081,0,1.0
48,07/02/2024,M2,Tapis,Meuble,3,473,0.05,1348.05,C1143,1,
49,05/04/2024,M1,Chaise,Meuble,4,317,0.15,1077.8,C1265,0,4.0
50,11/02/2025,M3,Enceinte,Décoration,4,295,0.15,1003.0,C1071,0,3.0
51,10/08/2025,M1,Tapis,Décoration,5,88,0.1,396.0,C1113,1,1.0
52,30/11/2023,m5,Table,Meuble,3,253,0.15,645.15,C1267,1,1.0
53,16/09/2023,M5,Lampe,Électronique,3,313,0.0,939.0,C1259,0,1.0
54,12/01/2024,M2,Chaise,Électronique,2,355,0.0,710.0,C1205,0,5.0
55,29/12/2025,M2,Plante,Meuble,1,150,0.1,135.0,C1152,0,1.0
56,18/02/2025,M3,Enceinte,Électronique,1,288,0.05,273.59999999999997,C1080,0,2.0
57,16/05/2025,M2,Table,Décoration,1,163,0.05,154.85,C1212,0,2.0
58,02/04/2024,M4,Chaise,Meuble,2,113,0.0,226.0,C1156,0,4.0
59,04/04/2024,M4,Lampe,Électronique,3,354,0.05,1008.9,C1129,0,4.0
60,10/11/2025,M5,Lampe,Électronique,3,236,0.1,637.2,C1050,0,5.0
61,05/12/2025,M4,Canapé,Décoration,2,114,0.05,216.6,C1152,1,3.0
62,14/10/2023,M4,Table,Électronique,3,265,0.05,755.25,C1175,1,5.0
63,12/09/2023,M4,Table,Décoration,4,326,0.0,1304.0,C1192,0,5.0
64,15/10/2023,M5,Plante,électronique,3,413,0.0,1239.0,C1105,0,4.0
65,02/11/2025,M1,Plante,Électronique,3,336,0.0,1008.0,C1086,1,1.0
66,26/11/2025,M2,Tapis,meuble,2,442,0.05,839.8,C1043,1,5.0
67,19/09/2023,M1,Tapis,Électronique,4,101,0.05,383.79999999999995,C1041,0,3.0
68,26/10/2024,M3,Table,Décoration,3,111,0.05,316.34999999999997,C1086,0,1.0
69,21/07/2025,M5,Tapis,Électronique,2,173,0.15,294.09999999999997,C1021,0,2.0
70,26/08/2023,M1,Tapis,Électronique,4,25,0.1,90.0,C1105,1,4.0
71,03/10/2025,M2,Lampe,Électronique,5,106,0.0,530.0,C1059,0,1.0
72,10/07/2024,M3,Télévision,Meuble,5,245,0.0,1225.0,C1196,1,1.0
73,18/08/2024,M3,Canapé,Décoration,2,407,0.15,691.9,C1130,0,3.0
74,14/06/2024,M1,Télévision,Meuble,2,113,0.0,226.0,C1186,0,
75,21/02/2025,m1,Enceinte,Meuble,1,22,0.0,22.0,C1246,1,4.0
76,12/06/2024,M3,Lampe,Électronique,5,267,0.0,1335.0,C1170,0,1.0
77,30/01/2023,M1,Enceinte,Électronique,3,319,0.15,813.4499999999999,C1101,0,2.0
78,30/01/2025,M1,Chaise,Décoration,2,98,0.0,196.0,C1212,0,5.0
79,18/10/2023,M4,Télévision,Meuble,5,444,0.05,2109.0,C1281,1,
80,10/03/2024,M1,Plante,Meuble,4,378,0.15,1285.2,C1074,0,5.0
81,02/02/2023,M4,Lampe,Décoration,5,105,0.1,472.5,C1264,0,5.0
82,01/08/2023,M4,Télévision,Électronique,3,224,0.15,628.3199999999999,C1298,1,4.0
83,19/03/2025,M2,Table,Décoration,3,271,0.15,691.05,C1037,0,1.0
84,04/06/2025,M4,Télévision,Électronique,4,217,0.15,737.8,C1272,0,
85,31/03/2024,M5,Enceinte,Électronique,4,115,0.1,414.0,C1180,0,
86,25/04/2024,M3,Canapé,Meuble,3,257,0.0,771.0,C1117,0,3.0
87,24/08/2024,M1,Lampe,Décoration,4,108,0.15,367.2,C1050,1,3.0
88,23/06/2025,M3,Tapis,Électronique,4,77,0.05,292.59999999999997,C1048,1,5.0
89,20/04/2025,M4,Canapé,Électronique,1,412,0.0,412.0,C1226,0,1.0
90,17/09/2023,M4,Table,Décoration,4,317,0.0,1141.2,C1125,1,3.0
91,23/08/2024,M5,Tapis,Décoration,2,59,0.1,106.2,C1062,0,2.0
92,15/05/2025,M1,Canapé,Meuble,1,392,0.15,333.2,C1004,0,
93,18/03/2024,M3,Tapis,Meuble,2,96,0.0,192.0,C1018,1,5.0
94,20/05/2025,M5,Table,Meuble,5,344,0.05,1470.6000000000001,C1205,0,3.0
95,17/08/2024,M3,Plante,Électronique,5,44,0.05,209.0,C1038,0,4.0
96,26/02/2023,M1,Canapé,meuble,5,488,0.05,2318.0,C1244,0,5.0
97,02/12/2025,M2,Lampe,Décoration,1,486,0.15,413.09999999999997,C1138,0,4.0
98,06/08/2023,M4,Enceinte,Électronique,3,131,0.15,334.05,C1063,0,3.0
99,19/08/2024,M4,Canapé,Décoration,3,54,0.0,162.0,C1218,0,1.0
100,20/11/2023,m4,Tapis,Décoration,1,486,0.0,486.0,C1146,1,
101,03/05/2024,M4,Enceinte,Décoration,3,235,0.0,705.0,C1231,0,5.0
102,11/04/2024,M1,Enceinte,Décoration,4,275,0.05,1045.0,C1091,1,
103,05/08/2024,M4,Table,Électronique,5,202,0.0,1010.0,C1291,0,1.0
104,22/01/2024,M2,Enceinte,Décoration,5,377,0.05,1790.75,C1008,1,1.0
105,07/03/2024,M2,Télévision,Meuble,1,193,0.1,173.70000000000002,C1112,0,
106,29/08/2025,M1,Table,Meuble,5,137,0.0,685.0,C1201,0,
107,07/05/2023,M3,Table,Électronique,5,450,0.05,2137.5,C1105,1,2.0
108,20/01/2023,M4,Plante,Électronique,5,191,0.0,955.0,C1181,0,4.0
109,23/09/2023,M2,Télévision,Meuble,5,126,0.15,535.5,C1006,0,3.0
110,12/05/2025,M5,Plante,Électronique,3,450,0.0,1350.0,C1253,0,2.0
111,24/04/2025,M4,Enceinte,Décoration,4,494,0.05,1877.1999999999998,C1116,0,4.0
112,22/08/2023,M4,Tapis,Décoration,2,78,0.0,156.0,C1059,0,
113,17/12/2023,M3,Plante,Électronique,3,409,0.0,1227.0,C1115,0,5.0
114,26/01/2023,M2,Enceinte,meuble,3,181,0.15,461.55,C1137,0,1.0
115,04/07/2025,M4,Enceinte,Électronique,2,478,0.15,812.6,C1138,0,1.0
116,13/03/2025,M4,Plante,Décoration,1,224,0.15,190.4,C1249,0,2.0
117,10/08/2024,M4,Plante,Électronique,4,318,0.05,1208.3999999999999,C1263,0,2.0
118,10/08/2025,M5,Table,Électronique,1,400,0.0,400.0,C1081,1,1.0
119,07/07/2023,M5,Télévision,Meuble,3,391,0.1,1055.7,C1169,0,
120,30/01/2025,M2,Lampe,Meuble,1,467,0.1,420.3,C1029,0,3.0
121,24/07/2023,M4,Plante,Électronique,2,23,0.0,46.0,C1104,0,3.0
122,14/09/2025,M3,Tapis,Décoration,3,169,0.05,481.65,C1062,1,3.0
123,24/08/2023,M4,Enceinte,Meuble,5,111,0.1,499.5,C1177,0,5.0
124,09/01/2023,M2,Table,Décoration,4,244,0.1,878.4,C1118,0,5.0
125,22/04/2025,M4,Chaise,Meuble,1,285,0.1,256.5,C1279,0,1.0
126,10/06/2025,M1,Chaise,Électronique,5,455,0.05,2161.25,C1273,0,3.0
127,17/07/2025,M1,Table,Électronique,2,404,0.15,686.8,C1206,0,3.0
128,09/08/2025,M1,Chaise,Décoration,4,36,0.15,122.39999999999999,C1228,1,2.0
129,28/09/2024,M5,Télévision,Meuble,2,357,0.15,606.9,C1125,0,4.0
130,09/01/2023,M4,Enceinte,Électronique,5,329,0.05,1562.75,C1201,0,2.0
131,07/11/2023,M4,Tapis,Décoration,4,237,0.05,900.5999999999999,C1187,0,1.0
132,02/11/2024,M4,Enceinte,Décoration,5,423,0.1,1903.5,C1259,0,1.0
133,04/08/2024,M1,Tapis,Décoration,2,150,0.05,285.0,C1230,0,
134,22/08/2023,M1,Enceinte,Électronique,3,177,0.0,584.1,C1074,0,4.0
135,20/03/2024,M1,Plante,Décoration,1,86,0.1,77.4,C1201,0,5.0
136,16/11/2025,M4,Canapé,Décoration,3,333,0.1,899.1,C1217,1,
137,22/12/2023,M4,Table,Électronique,5,424,0.15,1802.0,C1118,0,3.0
138,13/01/2024,M3,Canapé,Électronique,4,176,0.05,668.8,C1261,0,3.0
139,28/09/2023,M1,Tapis,Décoration,4,290,0.05,1102.0,C1185,0,
140,01/12/2023,M5,Tapis,Décoration,4,21,0.1,75.60000000000001,C1050,0,5.0
141,09/06/2023,M3,Table,Meuble,5,127,0.15,539.75,C1271,0,4.0
142,24/09/2025,M5,Tapis,Meuble,4,98,0.15,333.2,C1279,0,1.0
143,14/06/2025,M4,Plante,Décoration,5,481,0.0,2405.0,C1153,1,
144,24/09/2025,M2,Canapé,Décoration,1,135,0.05,128.25,C1118,0,5.0
145,24/06/2024,M4,Tapis,Meuble,3,393,0.0,1179.0,C1037,0,3.0
146,26/09/2024,M4,Enceinte,Meuble,1,122,0.1,109.8,C1166,0,3.0
147,13/12/2023,M2,Lampe,Meuble,1,28,0.05,26.599999999999998,C1282,1,1.0
148,30/01/2023,M2,Lampe,Meuble,4,225,0.15,765.0,C1254,0,5.0
149,26/09/2025,M1,Table,Électronique,1,302,0.05,286.9,C1243,0,1.0
150,13/03/2025,M5,Table,Décoration,4,248,0.05,942.4,C1073,0,1.0
151,25/01/2025,M5,Télévision,Meuble,1,495,0.05,470.25,C1018,0,2.0
152,12/08/2023,M2,Tapis,Électronique,2,90,0.0,180.0,C1229,0,2.0
153,05/12/2024,M1,Enceinte,Électronique,2,76,0.0,152.0,C1134,1,2.0
154,27/08/2023,M4,Table,Meuble,1,475,0.15,403.75,C1073,0,2.0
155,06/04/2025,M2,Tapis,Meuble,4,180,0.1,648.0,C1169,0,3.0
156,10/09/2023,M4,Plante,Meuble,4,359,0.15,1220.6,C1187,1,
157,22/04/2023,M2,Tapis,Meuble,1,256,0.05,243.2,C1228,0,
158,14/07/2024,M2,Plante,Électronique,3,264,0.0,792.0,C1093,0,
159,14/08/2023,M4,Tapis,Électronique,5,239,0.05,1135.25,C1097,0,1.0
160,09/08/2024,M4,Plante,Décoration,4,324,0.0,1296.0,C1240,1,5.0
161,19/12/2025,M3,Lampe,Meuble,2,354,0.0,708.0,C1295,0,4.0
162,25/01/2024,M4,Table,Électronique,1,352,0.0,352.0,C1245,0,3.0
163,03/02/2025,M3,Chaise,Décoration,2,325,0.0,650.0,C1128,0,5.0
164,10/08/2025,M1,Télévision,Décoration,3,283,0.1,764.1,C1075,1,2.0
165,05/03/2023,M3,Tapis,Décoration,1,130,0.15,110.5,C1285,0,3.0
166,17/06/2025,M2,Lampe,Meuble,4,493,0.0,1972.0,C1034,0,2.0
167,01/08/2025,M1,Table,Meuble,2,294,0.0,588.0,C1252,1,4.0
168,28/09/2023,M1,Table,Électronique,3,312,0.1,842.4,C1068,1,
169,30/10/2024,M4,Plante,Meuble,2,103,0.0,206.0,C1281,1,3.0
170,22/04/2024,M3,Chaise,Meuble,3,454,0.15,1157.7,C1245,0,1.0
171,30/03/2023,M4,Table,Meuble,5,279,0.1,1255.5,C1028,1,4.0
172,15/01/2023,M1,Lampe,Meuble,3,233,0.0,699.0,C1100,0,1.0
173,17/06/2023,M3,Tapis,Décoration,4,386,0.1,1389.6000000000001,C1205,1,
174,02/05/2024,M5,Plante,Décoration,1,409,0.05,388.54999999999995,C1119,0,2.0
175,14/02/2024,M2,Canapé,Décoration,2,453,0.0,906.0,C1260,0,
176,21/10/2023,M2,Chaise,Décoration,4,24,0.15,81.6,C1297,0,3.0
177,26/07/2025,M1,Tapis,Décoration,2,275,0.0,550.0,C1069,0,1.0
178,18/04/2025,M4,Canapé,Meuble,4,370,0.0,1480.0,C1026,0,
179,19/08/2023,M1,Tapis,Meuble,3,131,0.1,353.7,C1088,1,4.0
180,12/01/2025,M3,Chaise,Décoration,2,260,0.0,468.0,C1218,0,3.0
181,20/11/2025,M4,Table,Électronique,5,420,0.15,1785.0,C1022,0,5.0
182,13/07/2024,M3,Enceinte,Électronique,5,443,0.0,2215.0,C1023,0,4.0
183,23/11/2024,M5,Table,Électronique,4,338,0.0,1352.0,C1197,0,
184,27/05/2024,M1,Tapis,Électronique,1,322,0.0,322.0,C1136,0,1.0
185,12/06/2024,M1,Plante,Meuble,3,478,0.05,1362.3,C1103,0,1.0
186,18/05/2023,M5,Plante,Décoration,4,363,0.1,1306.8,C1255,0,
187,30/01/2024,M3,Enceinte,Meuble,5,362,0.05,1719.5,C1001,0,3.0
188,06/04/2024,M5,Plante,Décoration,1,378,0.15,321.3,C1108,0,2.0
189,16/04/2023,M5,Tapis,Électronique,3,240,0.15,612.0,C1128,1,2.0
190,13/09/2024,M2,Télévision,Meuble,3,269,0.0,887.7,C1148,0,1.0
191,03/03/2025,M3,Lampe,Électronique,3,64,0.05,182.39999999999998,C1028,0,3.0
192,27/05/2025,M2,Télévision,Meuble,1,338,0.15,287.3,C1170,0,4.0
193,14/07/2024,M4,Table,Électronique,1,239,0.15,203.15,C1160,0,1.0
194,14/01/2023,M2,Enceinte,Décoration,1,80,0.15,68.0,C1292,0,4.0
195,27/04/2025,M2,Lampe,Décoration,2,374,0.0,748.0,C1175,0,
196,17/02/2024,M1,Chaise,Décoration,3,341,0.15,869.55,C1248,0,
197,08/02/2024,M2,Lampe,Électronique,3,39,0.15,99.45,C1257,0,3.0
198,29/11/2024,M3,Chaise,Électronique,5,441,0.15,1874.25,C1176,0,3.0
199,12/05/2023,M1,Lampe,Meuble,1,423,0.0,423.0,C1085,0,3.0
200,25/05/2025,M3,Canapé,Décoration,2,253,0.15,430.09999999999997,C1230,0,4.0
201,22/01/2025,m5,Enceinte,Meuble,4,299,0.05,1136.2,C1115,0,
202,09/04/2024,M1,Chaise,Électronique,3,148,0.0,444.0,C1068,0,3.0
203,23/04/2025,M2,Chaise,Décoration,4,375,0.15,1275.0,C1231,0,4.0
204,05/06/2024,M3,Plante,Meuble,5,352,0.05,1672.0,C1076,1,2.0
205,29/05/2023,M3,Tapis,Électronique,4,120,0.0,480.0,C1132,0,2.0
206,31/10/2024,M1,Enceinte,Décoration,2,489,0.1,880.2,C1218,0,4.0
207,23/05/2024,M2,Plante,Électronique,5,301,0.1,1354.5,C1010,1,5.0
208,07/11/2024,M5,Télévision,Décoration,2,156,0.1,280.8,C1298,0,4.0
209,25/01/2024,M5,Canapé,Meuble,4,405,0.15,1377.0,C1222,0,5.0
210,05/06/2023,M3,Chaise,Meuble,1,388,0.0,388.0,C1186,0,5.0
211,24/04/2025,M4,Canapé,Électronique,1,23,0.15,19.55,C1219,1,3.0
212,11/07/2023,M4,Enceinte,Décoration,4,458,0.15,1557.2,C1007,0,5.0
213,03/08/2023,M1,Chaise,Meuble,2,59,0.1,106.2,C1025,0,1.0
214,04/11/2023,M2,Tapis,Décoration,1,152,0.05,144.4,C1209,0,
215,09/04/2023,M3,Table,Décoration,1,377,0.15,320.45,C1042,0,4.0
216,11/12/2025,M4,Canapé,Décoration,1,68,0.1,61.2,C1030,0,3.0
217,30/08/2024,M5,Lampe,Meuble,2,394,0.15,669.8,C1025,0,4.0
218,03/04/2024,M1,Télévision,Meuble,4,133,0.05,505.4,C1056,1,
219,16/10/2023,M5,Table,Meuble,2,442,0.05,839.8,C1222,0,2.0
220,25/09/2023,M3,Télévision,Meuble,4,51,0.0,183.6,C1013,0,4.0
221,28/01/2023,M1,Chaise,Décoration,2,128,0.0,256.0,C1067,0,4.0
222,26/03/2024,M2,Table,Électronique,1,288,0.1,259.2,C1181,0,5.0
223,16/11/2024,M2,Télévision,Décoration,1,253,0.15,215.04999999999998,C1142,0,5.0
224,30/12/2023,m5,Plante,Décoration,2,382,0.1,687.6,C1202,0,4.0
225,09/06/2024,m4,Tapis,Décoration,1,269,0.05,255.54999999999998,C1042,0,4.0
226,28/01/2024,M3,Enceinte,Électronique,2,119,0.15,202.29999999999998,C1187,0,5.0
227,19/03/2024,M5,Tapis,Décoration,3,136,0.1,367.2,C1020,0,
228,19/02/2025,M3,Plante,Meuble,3,158,0.05,450.29999999999995,C1245,0,
229,23/02/2023,M5,Canapé,Meuble,2,54,0.1,97.2,C1289,0,4.0
230,04/10/2024,M2,Plante,Meuble,2,101,0.15,171.7,C1161,0,
231,10/12/2024,M3,Canapé,Électronique,5,500,0.0,2500.0,C1024,0,5.0
232,06/03/2023,M4,Plante,Décoration,2,316,0.15,537.1999999999999,C1104,0,3.0
233,05/08/2023,M2,Télévision,Décoration,4,425,0.15,1445.0,C1096,1,1.0
234,08/08/2023,M1,Table,Décoration,2,64,0.0,128.0,C1215,0,
235,20/10/2023,M3,Enceinte,Décoration,1,60,0.1,54.0,C1023,0,1.0
236,02/01/2024,M1,Télévision,Électronique,5,62,0.1,279.0,C1019,1,1.0
237,24/10/2025,M5,Chaise,Décoration,3,389,0.0,1167.0,C1007,0,
238,04/06/2023,M2,Plante,Meuble,1,87,0.1,78.3,C1060,1,2.0
239,12/06/2024,M3,Chaise,Décoration,2,394,0.05,748.5999999999999,C1275,1,
240,15/05/2024,M2,Chaise,Meuble,2,393,0.15,668.1,C1276,0,
241,14/02/2025,M2,Enceinte,Décoration,5,323,0.0,1615.0,C1206,1,1.0
242,08/12/2025,M3,Plante,Meuble,2,373,0.0,746.0,C1118,0,1.0
243,11/04/2024,M4,Canapé,Électronique,5,180,0.1,810.0,C1137,0,5.0
244,05/03/2025,M5,Table,Décoration,1,299,0.0,299.0,C1118,1,4.0
245,09/04/2023,M3,Canapé,Meuble,3,196,0.0,588.0,C1060,1,2.0
246,01/09/2025,M1,Télévision,électronique,1,286,0.0,286.0,C1280,0,2.0
247,28/04/2025,M1,Table,Électronique,2,27,0.05,51.3,C1203,0,
248,28/05/2023,M1,Lampe,Décoration,1,429,0.1,386.1,C1286,1,2.0
249,04/11/2023,M5,Plante,Meuble,2,455,0.0,910.0,C1161,0,
250,21/01/2024,M3,Télévision,Décoration,3,85,0.15,216.75,C1122,0,3.0
251,07/06/2024,M3,Enceinte,Électronique,3,368,0.05,1048.8,C1164,0,4.0
252,30/05/2023,M1,Lampe,Meuble,3,452,0.1,1220.4,C1154,1,
253,11/02/2024,M5,Tapis,Électronique,5,466,0.05,2213.5,C1110,0,1.0
254,10/10/2023,M1,Enceinte,Électronique,3,202,0.05,575.6999999999999,C1026,0,4.0
255,27/06/2024,M1,Lampe,Décoration,1,185,0.05,175.75,C1078,0,
256,23/06/2023,M3,Lampe,Meuble,2,296,0.15,503.2,C1104,0,
257,05/02/2024,M3,Plante,Décoration,5,343,0.0,1715.0,C1225,0,4.0
258,08/10/2024,M2,Tapis,Décoration,3,234,0.15,596.6999999999999,C1177,0,5.0
259,30/12/2023,M2,Canapé,Électronique,2,82,0.1,147.6,C1197,0,5.0
260,06/10/2023,M2,Canapé,Meuble,2,482,0.0,964.0,C1217,0,5.0
261,01/12/2025,M2,Plante,Électronique,1,166,0.0,166.0,C1256,0,2.0
262,21/08/2024,M2,Plante,Meuble,3,222,0.05,632.6999999999999,C1290,0,5.0
263,19/12/2024,M1,Lampe,Électronique,5,304,0.05,1444.0,C1003,0,1.0
264,16/02/2024,M5,Télévision,Décoration,2,230,0.05,437.0,C1148,0,4.0
265,18/06/2025,M5,Lampe,Meuble,2,341,0.15,579.6999999999999,C1182,1,
266,20/05/2024,M3,Plante,Meuble,1,20,0.1,18.0,C1107,0,3.0
267,23/03/2024,M2,Tapis,Meuble,2,94,0.0,188.0,C1059,1,1.0
268,16/01/2025,M4,Lampe,Électronique,4,258,0.15,877.1999999999999,C1158,0,1.0
269,21/08/2025,M3,Enceinte,Décoration,5,240,0.0,1200.0,C1244,0,1.0
270,14/11/2024,m2,Télévision,Meuble,4,252,0.05,957.5999999999999,C1125,1,5.0
271,20/05/2023,M5,Lampe,Électronique,1,79,0.1,71.10000000000001,C1014,0,3.0
272,03/07/2024,M3,Canapé,Décoration,5,352,0.0,1760.0,C1256,0,2.0
273,19/04/2024,M5,Télévision,Décoration,2,69,0.0,138.0,C1027,1,3.0
274,08/01/2024,M5,Canapé,Meuble,3,229,0.1,680.1300000000001,C1082,1,3.0
275,28/06/2023,M5,Télévision,Électronique,1,218,0.05,207.1,C1056,0,3.0
276,12/05/2025,M3,Enceinte,Électronique,2,42,0.05,79.8,C1299,1,2.0
277,02/08/2023,M2,Tapis,Décoration,1,227,0.15,192.95,C1052,0,5.0
278,05/10/2024,M3,Télévision,Meuble,3,365,0.15,930.75,C1224,1,1.0
279,18/04/2024,M1,Plante,Meuble,4,153,0.15,520.1999999999999,C1267,0,3.0
280,05/05/2025,M1,Télévision,Décoration,5,73,0.1,328.5,C1102,0,5.0
281,16/12/2025,M2,Enceinte,Meuble,5,454,0.15,1929.5,C1130,0,5.0
282,03/12/2023,M3,Télévision,Décoration,2,50,0.05,95.0,C1026,0,4.0
283,26/01/2023,M5,Canapé,Électronique,4,77,0.05,292.59999999999997,C1274,0,4.0
284,18/03/2025,M2,Lampe,Meuble,2,325,0.0,650.0,C1290,0,1.0
285,28/10/2023,M4,Tapis,Électronique,2,155,0.15,263.5,C1139,0,4.0
286,26/10/2025,M2,Télévision,Électronique,4,208,0.15,707.1999999999999,C1074,0,2.0
287,26/12/2025,M3,Canapé,Meuble,4,205,0.05,779.0,C1062,1,1.0
288,05/08/2023,M1,Lampe,Meuble,2,500,0.0,1000.0,C1115,0,3.0
289,19/08/2023,M1,Plante,Décoration,4,469,0.15,1594.6,C1145,0,3.0
290,25/02/2023,M2,Chaise,Meuble,2,291,0.05,552.9,C1231,1,3.0
291,15/07/2023,M5,Télévision,Électronique,4,135,0.0,540.0,C1243,0,5.0
292,01/08/2024,M4,Enceinte,Meuble,5,425,0.05,2018.75,C1065,0,4.0
293,01/09/2024,M3,Télévision,Électronique,4,433,0.15,1619.42,C1109,0,4.0
294,29/08/2024,M3,Télévision,Électronique,2,310,0.1,558.0,C1020,0,5.0
295,30/01/2025,M5,Chaise,Électronique,5,133,0.15,565.25,C1051,1,1.0
296,25/05/2025,m4,Lampe,Meuble,2,423,0.1,761.4,C1053,1,4.0
297,20/12/2025,M1,Lampe,Décoration,2,380,0.05,722.0,C1008,0,4.0
298,03/11/2025,M1,Télévision,Meuble,3,207,0.0,621.0,C1198,0,4.0
299,08/10/2025,M4,Plante,Meuble,2,218,0.0,436.0,C1212,0,
300,21/10/2024,m2,Lampe,Décoration,5,144,0.1,648.0,C1116,0,1.0
301,18/08/2024,m4,Table,Meuble,5,27,0.05,128.25,C1212,0,2.0
302,06/03/2025,M5,Lampe,Électronique,5,188,0.0,940.0,C1159,0,5.0
303,13/08/2024,M1,Tapis,Meuble,3,437,0.0,1311.0,C1038,0,2.0
304,13/06/2023,M1,Table,Décoration,3,377,0.15,961.35,C1036,0,2.0
305,23/03/2025,M3,Télévision,Décoration,2,378,0.0,756.0,C1260,0,3.0
306,18/01/2023,M4,Télévision,Décoration,5,384,0.0,1920.0,C1082,0,1.0
307,17/10/2024,M3,Chaise,Meuble,3,293,0.0,879.0,C1146,0,2.0
308,16/04/2023,M5,Table,Meuble,1,442,0.1,397.8,C1120,1,1.0
309,08/08/2024,M2,Table,Décoration,1,349,0.15,296.65,C1288,0,1.0
310,18/08/2023,m4,Table,Électronique,1,105,0.05,89.775,C1166,0,5.0
311,28/08/2023,M5,Télévision,Décoration,2,83,0.05,157.7,C1160,0,4.0
312,17/07/2025,M2,Télévision,Meuble,4,170,0.1,612.0,C1079,0,3.0
313,12/05/2024,M3,Enceinte,Meuble,3,42,0.05,107.72999999999999,C1286,0,3.0
314,24/08/2023,M2,Lampe,Meuble,2,444,0.15,754.8,C1123,0,
315,11/07/2025,M2,Enceinte,Décoration,4,98,0.1,352.8,C1165,0,
316,30/11/2025,M4,Chaise,Meuble,2,135,0.1,218.70000000000002,C1188,0,
317,03/10/2024,M3,Lampe,Électronique,4,439,0.0,1756.0,C1278,0,
318,08/10/2025,M2,Lampe,Décoration,3,41,0.15,104.55,C1031,0,5.0
319,02/12/2023,M4,Table,Électronique,1,118,0.15,100.3,C1127,1,1.0
320,15/06/2025,M4,Tapis,Meuble,5,38,0.1,171.0,C1252,1,
321,17/04/2024,M1,Chaise,Décoration,4,499,0.15,1696.6,C1127,0,5.0
322,01/11/2025,M1,Chaise,Meuble,5,468,0.05,2223.0,C1293,0,
323,04/03/2024,M1,Plante,Meuble,5,434,0.0,2170.0,C1146,1,4.0
324,24/11/2024,M5,Télévision,Électronique,4,248,0.05,942.4,C1015,1,3.0
325,22/10/2025,M3,Tapis,Électronique,5,90,0.15,382.5,C1118,0,5.0
326,12/06/2023,M2,Plante,Meuble,5,417,0.0,2085.0,C1008,0,
327,26/01/2025,M4,Chaise,Meuble,2,411,0.0,739.8000000000001,C1105,1,3.0
328,28/08/2025,M5,Télévision,Électronique,3,216,0.1,583.2,C1236,1,3.0
329,15/12/2025,M2,Lampe,Décoration,3,234,0.15,596.6999999999999,C1015,0,4.0
330,22/11/2024,M4,Tapis,Meuble,4,287,0.1,1033.2,C1270,0,4.0
331,26/03/2025,M4,Enceinte,Meuble,3,405,0.1,1093.5,C1233,0,3.0
332,21/09/2023,M5,Canapé,Électronique,2,274,0.05,520.6,C1238,1,1.0
333,14/10/2024,M1,Canapé,Meuble,5,116,0.0,580.0,C1132,1,
334,24/01/2025,M3,Plante,Électronique,1,118,0.0,118.0,C1280,1,
335,26/05/2024,m2,Chaise,Électronique,2,194,0.0,388.0,C1161,0,5.0
336,28/06/2024,M2,Canapé,Électronique,4,191,0.0,764.0,C1110,0,5.0
337,03/03/2023,M4,Télévision,Décoration,3,158,0.1,426.6,C1018,0,2.0
338,10/02/2025,M5,Télévision,Meuble,1,96,0.05,91.19999999999999,C1284,0,
339,04/10/2025,M2,Télévision,Électronique,3,497,0.1,1341.9,C1185,0,2.0
340,23/03/2025,M3,Table,Meuble,5,127,0.1,571.5,C1051,0,4.0
341,24/08/2024,M2,Télévision,Électronique,3,98,0.0,294.0,C1261,0,
342,23/11/2025,M3,Table,Décoration,1,227,0.05,215.64999999999998,C1024,0,3.0
343,12/09/2024,M2,Table,Électronique,1,353,0.1,317.7,C1235,0,1.0
344,16/10/2025,M3,Plante,Meuble,2,438,0.1,788.4,C1077,0,2.0
345,28/11/2024,M1,Tapis,Meuble,1,163,0.1,146.70000000000002,C1032,0,1.0
346,12/12/2023,M4,Table,Électronique,5,259,0.05,1230.25,C1201,0,5.0
347,03/11/2025,M1,Chaise,Décoration,1,193,0.1,173.70000000000002,C1138,0,5.0
348,19/09/2023,M4,Canapé,meuble,5,158,0.15,671.5,C1017,0,4.0
349,15/05/2023,M3,Enceinte,Meuble,1,326,0.1,293.40000000000003,C1161,0,4.0
350,29/03/2024,M1,Lampe,Meuble,4,423,0.1,1522.8,C1160,1,5.0
351,26/02/2024,M2,Table,Décoration,5,93,0.0,465.0,C1100,0,1.0
352,07/07/2024,M3,Canapé,Électronique,1,107,0.1,96.3,C1137,0,1.0
353,18/07/2025,M5,Table,Électronique,3,377,0.1,1017.9,C1127,0,4.0
354,14/07/2024,M1,Table,Électronique,3,235,0.0,705.0,C1009,1,3.0
355,22/01/2024,M1,Lampe,Électronique,1,464,0.1,459.36000000000007,C1107,0,
356,31/03/2025,M5,Tapis,décoration,2,423,0.0,846.0,C1282,0,1.0
357,16/10/2025,M2,Canapé,Meuble,1,434,0.1,390.6,C1094,1,
358,10/10/2024,M5,Chaise,Électronique,5,381,0.0,1714.5,C1281,1,2.0
359,17/08/2024,M3,Table,Électronique,4,337,0.15,1145.8,C1057,0,3.0
360,18/04/2023,M2,Tapis,Électronique,2,59,0.1,106.2,C1252,1,3.0
361,10/06/2024,M4,Télévision,Meuble,4,359,0.0,1436.0,C1260,0,5.0
362,30/04/2025,M5,Enceinte,Électronique,1,164,0.0,164.0,C1086,1,3.0
363,22/08/2024,M3,Enceinte,Décoration,5,239,0.15,1015.75,C1063,0,2.0
364,15/10/2025,M4,Canapé,Meuble,2,295,0.0,590.0,C1279,0,3.0
365,28/01/2024,M1,Chaise,Décoration,2,233,0.15,396.09999999999997,C1247,0,
366,27/10/2024,M4,Télévision,Électronique,5,263,0.0,1315.0,C1083,0,4.0
367,16/08/2024,M4,Lampe,Meuble,5,69,0.05,327.75,C1108,1,3.0
368,27/02/2024,M5,Tapis,Électronique,4,473,0.0,1702.8,C1042,0,2.0
369,05/06/2024,M1,Canapé,Meuble,1,274,0.15,232.9,C1252,0,2.0
370,27/10/2023,M2,Enceinte,Décoration,1,445,0.0,400.5,C1035,1,3.0
371,10/08/2025,M5,Enceinte,Décoration,2,350,0.1,630.0,C1256,0,5.0
372,09/07/2023,M1,Lampe,Meuble,4,91,0.1,327.6,C1223,0,4.0
373,18/10/2024,m4,Tapis,Meuble,1,427,0.15,362.95,C1142,1,4.0
374,28/01/2024,M4,Tapis,Décoration,3,452,0.1,1220.4,C1210,0,4.0
375,18/01/2025,M4,Télévision,Électronique,2,189,0.05,359.09999999999997,C1264,0,3.0
376,16/05/2023,M3,Tapis,Décoration,5,185,0.1,832.5,C1039,1,5.0
377,23/03/2024,M3,Canapé,Décoration,3,249,0.1,672.3000000000001,C1168,0,3.0
378,02/05/2025,M3,Plante,Décoration,5,332,0.0,1660.0,C1111,0,1.0
379,15/04/2023,M2,Chaise,Décoration,2,235,0.05,446.5,C1114,0,5.0
380,13/08/2024,M2,Plante,Électronique,3,256,0.15,652.8,C1146,1,
381,02/11/2023,M5,Télévision,Meuble,2,63,0.05,119.69999999999999,C1055,0,3.0
382,05/05/2025,M2,Chaise,Meuble,4,78,0.0,312.0,C1161,0,3.0
383,04/08/2024,M3,Canapé,Meuble,4,287,0.0,1148.0,C1002,0,
384,16/01/2025,M4,Enceinte,Meuble,2,22,0.05,41.8,C1079,0,2.0
385,20/12/2023,M2,Tapis,Décoration,5,145,0.0,725.0,C1057,0,
386,23/07/2024,M4,Chaise,Électronique,4,386,0.05,1466.8,C1089,0,4.0
387,10/11/2024,M5,Tapis,Décoration,5,374,0.1,1683.0,C1282,0,
388,16/06/2023,M1,Télévision,Décoration,4,283,0.05,1075.3999999999999,C1191,0,2.0
389,06/05/2025,M2,Tapis,Meuble,2,231,0.1,415.8,C1135,1,4.0
390,27/09/2024,M3,Chaise,Meuble,1,302,0.05,286.9,C1129,0,3.0
391,08/09/2024,M1,Lampe,Décoration,5,164,0.0,902.0000000000001,C1081,1,
392,01/08/2024,M2,Lampe,Décoration,2,75,0.0,150.0,C1108,0,4.0
393,07/12/2025,M1,Télévision,Décoration,2,494,0.05,938.5999999999999,C1128,0,1.0
394,20/08/2025,M5,Plante,Meuble,3,34,0.05,96.89999999999999,C1162,0,5.0
395,09/01/2023,m3,Canapé,Meuble,4,459,0.1,1652.4,C1250,0,3.0
396,26/07/2024,M3,Lampe,Électronique,3,311,0.0,933.0,C1285,1,2.0
397,30/07/2025,M3,Enceinte,Décoration,1,412,0.05,391.4,C1233,1,5.0
398,31/07/2024,M2,Plante,Électronique,3,388,0.0,1164.0,C1143,0,5.0
399,15/04/2025,M5,Plante,Meuble,1,250,0.15,212.5,C1126,1,5.0
400,14/01/2023,M2,Tapis,Décoration,1,231,0.15,196.35,C1094,0,4.0
401,03/01/2023,M5,Télévision,Électronique,2,391,0.1,703.8000000000001,C1141,0,5.0
402,09/04/2024,M2,Table,électronique,5,463,0.0,2315.0,C1238,1,5.0
403,18/03/2024,M2,Tapis,Électronique,1,446,0.1,401.40000000000003,C1081,0,5.0
404,24/02/2023,M2,Canapé,Électronique,1,28,0.05,26.599999999999998,C1079,0,5.0
405,30/08/2024,M1,Enceinte,Électronique,1,496,0.0,496.0,C1206,0,1.0
406,02/01/2025,M4,Table,Décoration,2,479,0.0,958.0,C1291,0,5.0
407,20/10/2023,M3,Enceinte,Meuble,1,421,0.05,399.95,C1083,1,2.0
408,12/01/2023,M1,Tapis,Meuble,5,102,0.0,510.0,C1020,0,4.0
409,12/01/2023,M2,Plante,Meuble,3,138,0.1,372.6,C1085,0,2.0
410,09/03/2023,M2,Lampe,Meuble,2,340,0.1,612.0,C1176,0,
411,23/12/2023,M2,Lampe,Électronique,4,96,0.05,364.79999999999995,C1116,1,5.0
412,04/09/2024,m1,Canapé,Électronique,2,326,0.05,619.4,C1238,0,4.0
413,26/03/2023,M1,Table,Décoration,5,29,0.1,130.5,C1082,1,3.0
414,24/01/2025,M3,Tapis,Meuble,2,368,0.1,662.4,C1264,1,1.0
415,24/01/2025,M5,Lampe,Électronique,5,114,0.05,541.5,C1020,0,
416,09/01/2023,M4,Plante,Électronique,3,162,0.15,413.09999999999997,C1067,0,
417,04/09/2025,M3,Plante,Meuble,2,210,0.05,399.0,C1026,1,2.0
418,07/12/2025,M1,Chaise,Décoration,3,84,0.15,214.2,C1221,1,
419,14/06/2024,M4,Lampe,Décoration,3,185,0.0,555.0,C1068,0,1.0
420,22/04/2025,M1,Plante,Décoration,2,259,0.05,492.09999999999997,C1287,0,4.0
421,03/06/2025,M2,Enceinte,Meuble,4,160,0.0,640.0,C1107,1,
422,11/09/2023,M4,Lampe,Décoration,4,98,0.05,372.4,C1020,1,5.0
423,02/10/2025,m4,Télévision,Meuble,1,67,0.05,63.65,C1264,0,
424,12/12/2025,M1,Plante,Décoration,1,494,0.0,444.6,C1236,0,5.0
425,07/08/2024,M4,Lampe,Décoration,3,290,0.05,826.5,C1137,0,4.0
426,18/07/2025,M1,Lampe,Meuble,3,246,0.05,701.1,C1253,0,5.0
427,09/01/2023,M4,Table,Électronique,1,370,0.05,351.5,C1294,0,2.0
428,26/02/2024,M5,Plante,Meuble,5,413,0.1,2044.3500000000001,C1144,0,4.0
429,30/03/2023,M5,Enceinte,Décoration,4,224,0.0,896.0,C1185,0,5.0
430,31/07/2025,M3,Télévision,décoration,5,270,0.0,1350.0,C1224,0,4.0
431,01/01/2025,M5,Plante,Meuble,1,455,0.15,386.75,C1043,0,3.0
432,01/12/2023,M3,Tapis,Électronique,1,351,0.15,298.34999999999997,C1052,0,5.0
433,21/08/2024,M1,Tapis,Meuble,5,234,0.15,994.5,C1202,0,
434,30/12/2023,M2,Télévision,Électronique,1,313,0.0,313.0,C1259,0,4.0
435,19/11/2024,M3,Lampe,Meuble,2,495,0.0,990.0,C1087,0,3.0
436,19/04/2025,M2,Plante,Meuble,1,346,0.05,328.7,C1137,0,
437,02/03/2025,M3,Plante,Meuble,4,144,0.0,576.0,C1101,0,
438,28/05/2024,M1,Chaise,Meuble,4,413,0.0,1652.0,C1063,0,2.0
439,16/11/2025,M1,Chaise,Électronique,4,403,0.1,1450.8,C1207,0,
440,23/03/2024,M5,Tapis,Électronique,3,429,0.05,1222.6499999999999,C1251,0,4.0
441,12/06/2025,M1,Chaise,Électronique,5,137,0.15,582.25,C1013,0,
442,15/09/2024,m4,Télévision,Meuble,2,114,0.15,174.42,C1077,0,1.0
443,21/07/2023,M3,Table,Décoration,4,490,0.15,1499.4,C1174,0,3.0
444,05/03/2024,M2,Enceinte,Décoration,1,456,0.0,456.0,C1053,0,2.0
445,15/04/2025,M3,Tapis,Décoration,5,65,0.0,325.0,C1167,0,4.0
446,17/11/2025,M1,Chaise,Décoration,2,397,0.1,714.6,C1141,1,4.0
447,10/09/2024,M2,Tapis,Électronique,2,472,0.15,802.4,C1085,0,3.0
448,26/06/2024,M2,Tapis,Électronique,2,218,0.0,436.0,C1170,1,2.0
449,01/02/2024,M4,Enceinte,Décoration,4,262,0.15,890.8,C1179,0,
450,13/10/2024,M3,Plante,Électronique,3,481,0.0,1443.0,C1002,0,
451,20/03/2025,M4,Lampe,Décoration,4,500,0.05,1900.0,C1088,0,4.0
452,16/02/2023,m1,Lampe,Décoration,5,296,0.1,1332.0,C1173,0,3.0
453,28/03/2025,M1,Table,Meuble,3,178,0.05,507.29999999999995,C1131,0,2.0
454,04/02/2025,M4,Chaise,décoration,3,296,0.15,754.8,C1007,1,5.0
455,09/01/2023,M2,Plante,Meuble,4,41,0.0,164.0,C1104,0,2.0
456,30/11/2023,M3,Table,Meuble,1,458,0.1,412.2,C1205,1,2.0
457,16/09/2023,M1,Plante,Électronique,1,329,0.1,296.1,C1154,0,2.0
458,16/09/2025,M4,Table,Décoration,2,101,0.05,191.89999999999998,C1250,0,
459,27/08/2023,M2,Plante,Meuble,4,67,0.0,268.0,C1248,0,2.0
460,01/10/2023,M1,Canapé,Électronique,1,30,0.05,28.5,C1248,1,2.0
461,11/09/2023,M2,Table,Électronique,4,94,0.1,338.40000000000003,C1019,1,4.0
462,31/12/2024,M4,Table,Décoration,1,203,0.15,172.54999999999998,C1146,0,4.0
463,20/02/2025,M3,Plante,Décoration,3,406,0.0,1218.0,C1182,0,5.0
464,14/10/2025,M4,Canapé,Décoration,3,445,0.15,1134.75,C1270,0,1.0
465,27/02/2023,M5,Table,Meuble,1,275,0.15,233.75,C1292,0,1.0
466,26/01/2025,M2,Plante,Électronique,2,84,0.05,159.6,C1027,0,5.0
467,21/05/2025,M4,Chaise,Meuble,1,343,0.05,325.84999999999997,C1183,0,4.0
468,17/12/2025,M1,Enceinte,Électronique,3,279,0.1,677.97,C1191,0,4.0
469,11/06/2025,M5,Lampe,Meuble,2,74,0.15,125.8,C1141,0,2.0
470,09/04/2024,m1,Enceinte,Électronique,4,98,0.1,352.8,C1256,0,5.0
471,08/03/2025,M4,Plante,Décoration,4,39,0.0,156.0,C1077,0,5.0
472,23/02/2023,M1,Canapé,Décoration,4,392,0.0,1568.0,C1006,0,
473,09/12/2025,m4,Lampe,décoration,3,72,0.05,205.2,C1136,1,5.0
474,07/06/2025,M4,Table,Électronique,2,443,0.1,797.4,C1161,0,2.0
475,13/09/2023,M2,Plante,Meuble,5,396,0.05,1881.0,C1186,0,2.0
476,17/02/2023,M4,Canapé,Décoration,1,432,0.05,410.4,C1021,0,5.0
477,02/02/2024,M5,Canapé,Meuble,3,375,0.15,860.625,C1194,0,
478,22/02/2023,M4,Tapis,Électronique,3,314,0.0,942.0,C1221,0,2.0
479,08/02/2024,M1,Lampe,Électronique,4,124,0.1,446.40000000000003,C1153,0,4.0
480,03/04/2024,M3,Chaise,Décoration,3,319,0.15,813.4499999999999,C1025,0,2.0
481,13/10/2025,M2,Lampe,Meuble,3,65,0.0,195.0,C1091,0,2.0
482,28/12/2025,M1,Table,Électronique,2,29,0.05,55.099999999999994,C1251,1,5.0
483,14/10/2024,M2,Plante,Électronique,5,368,0.05,1748.0,C1003,0,4.0
484,29/05/2025,M2,Chaise,Décoration,1,96,0.0,96.0,C1182,0,5.0
485,07/05/2024,M5,Lampe,Décoration,3,206,0.05,587.1,C1123,1,1.0
486,02/02/2024,M2,Chaise,Meuble,1,372,0.15,316.2,C1222,0,5.0
487,13/09/2023,m5,Tapis,meuble,3,383,0.1,1034.1000000000001,C1066,1,1.0
488,22/05/2023,M4,Canapé,Meuble,1,219,0.15,186.15,C1044,1,1.0
489,31/08/2025,M2,Table,Électronique,3,45,0.15,114.75,C1149,1,4.0
490,08/02/2023,M1,Lampe,Meuble,3,320,0.15,816.0,C1181,0,2.0
491,24/04/2023,M3,Lampe,Décoration,2,378,0.1,680.4,C1034,0,1.0
492,12/07/2023,M3,Télévision,Décoration,1,112,0.05,106.39999999999999,C1074,0,4.0
493,16/06/2023,M1,Chaise,Électronique,1,448,0.15,380.8,C1209,0,
494,25/04/2023,M5,Table,Électronique,3,90,0.05,256.5,C1068,0,3.0
495,02/12/2023,M1,Plante,Meuble,4,25,0.0,100.0,C1206,0,
496,16/02/2023,M4,Tapis,Meuble,4,35,0.0,140.0,C1288,0,
497,11/03/2024,M2,Chaise,Électronique,1,341,0.1,306.90000000000003,C1277,0,3.0
498,24/11/2024,M5,Enceinte,Meuble,5,210,0.1,945.0,C1191,0,5.0
499,20/11/2024,M4,Plante,Décoration,1,435,0.0,435.0,C1184,0,2.0
500,03/12/2024,M2,Enceinte,Électronique,2,329,0.15,559.3,C1117,0,5.0
501,03/06/2023,M5,Lampe,Meuble,5,128,0.15,544.0,C1060,1,1.0
502,03/10/2024,M3,Tapis,Électronique,3,134,0.1,361.8,C1246,1,5.0
503,23/12/2024,M2,Table,Meuble,3,451,0.15,1150.05,C1060,0,
504,14/11/2024,M1,Chaise,Électronique,3,34,0.05,96.89999999999999,C1287,0,3.0
505,07/03/2023,M5,Canapé,électronique,2,376,0.0,752.0,C1132,0,2.0
506,15/01/2024,m3,Plante,Décoration,1,414,0.0,372.6,C1182,0,
507,26/04/2023,M1,Canapé,Électronique,4,207,0.15,703.8,C1038,0,3.0
508,07/02/2023,M5,Télévision,Décoration,4,145,0.05,606.1,C1219,0,5.0
509,07/06/2023,M2,Chaise,Électronique,1,172,0.1,154.8,C1027,0,4.0
510,03/06/2024,M1,Chaise,Électronique,4,206,0.1,741.6,C1093,0,3.0
511,17/10/2025,M2,Plante,Meuble,4,188,0.05,714.4,C1049,0,1.0
512,14/09/2023,M2,Lampe,Électronique,1,331,0.15,281.34999999999997,C1096,0,3.0
513,04/10/2025,M3,Télévision,Décoration,5,415,0.15,1763.75,C1180,0,2.0
514,08/04/2025,m1,Enceinte,Décoration,4,464,0.05,1939.52,C1097,0,
515,07/07/2024,M2,Plante,Électronique,1,259,0.05,246.04999999999998,C1090,0,
516,28/06/2024,M3,Télévision,Décoration,1,437,0.1,393.3,C1101,1,
517,25/06/2023,M4,Plante,Décoration,2,391,0.15,664.6999999999999,C1060,0,5.0
518,04/01/2025,M2,Plante,Décoration,5,354,0.05,1681.5,C1107,0,2.0
519,19/02/2023,M3,Plante,Meuble,5,274,0.0,1370.0,C1014,0,3.0
520,28/02/2023,M1,Télévision,Meuble,2,23,0.1,41.4,C1172,0,1.0
521,07/01/2024,M4,Enceinte,Meuble,5,168,0.1,756.0,C1045,0,2.0
522,01/03/2025,M5,Plante,Meuble,2,57,0.1,102.60000000000001,C1191,0,5.0
523,26/06/2024,M2,Lampe,Électronique,2,393,0.0,786.0,C1148,0,2.0
524,24/07/2024,M4,Chaise,Décoration,4,479,0.15,1628.6,C1002,0,4.0
525,21/06/2023,M4,Table,Électronique,1,257,0.05,244.14999999999998,C1195,0,5.0
526,04/11/2023,M5,Table,Décoration,2,412,0.05,782.8,C1045,0,
527,05/04/2024,M5,Canapé,Électronique,3,31,0.15,86.955,C1177,0,1.0
528,02/08/2024,M2,Télévision,Décoration,5,468,0.0,2340.0,C1135,0,3.0
529,09/03/2025,M1,Chaise,Décoration,4,62,0.1,223.20000000000002,C1243,1,2.0
530,01/03/2023,M3,Enceinte,Électronique,1,445,0.05,422.75,C1029,1,
531,18/02/2025,M1,Télévision,Électronique,1,394,0.15,334.9,C1169,0,4.0
532,28/04/2023,M3,Télévision,Électronique,5,259,0.15,1100.75,C1173,0,1.0
533,30/05/2024,m1,Canapé,Décoration,2,47,0.15,79.89999999999999,C1136,1,4.0
534,03/07/2024,m5,Tapis,Électronique,2,140,0.1,252.0,C1296,0,1.0
535,07/06/2024,M3,Plante,Électronique,2,442,0.15,676.26,C1220,0,
536,11/04/2024,M5,Lampe,Électronique,5,23,0.05,109.25,C1190,0,3.0
537,01/06/2025,M3,Table,Meuble,3,231,0.15,589.05,C1003,1,3.0
538,06/05/2024,M1,Table,Électronique,3,177,0.05,504.45,C1110,1,
539,01/02/2025,M4,Canapé,Meuble,5,96,0.05,456.0,C1272,0,
540,18/05/2025,M1,Lampe,Électronique,4,243,0.15,826.1999999999999,C1221,1,1.0
541,06/10/2024,M3,Table,Électronique,3,341,0.15,869.55,C1050,0,4.0
542,02/01/2023,M4,Tapis,Décoration,3,275,0.15,701.25,C1127,0,1.0
543,05/11/2025,M1,Tapis,Meuble,2,353,0.05,670.6999999999999,C1145,0,4.0
544,21/01/2025,M1,Tapis,Meuble,4,269,0.0,1076.0,C1065,0,4.0
545,22/03/2025,M5,Chaise,Meuble,4,353,0.05,1341.3999999999999,C1000,0,5.0
546,10/05/2023,M2,Tapis,Meuble,3,307,0.1,828.9,C1030,0,4.0
547,09/08/2024,M4,Télévision,Décoration,1,343,0.15,262.39500000000004,C1249,0,
548,06/08/2023,M3,Table,Électronique,2,53,0.05,100.69999999999999,C1249,0,2.0
549,08/05/2024,M5,Télévision,Décoration,4,284,0.1,1022.4,C1178,0,4.0
550,01/05/2023,M1,Lampe,Électronique,4,479,0.0,1916.0,C1167,1,4.0
551,16/02/2024,M1,Plante,Décoration,2,116,0.1,208.8,C1169,0,4.0
552,11/03/2025,M2,Lampe,Électronique,4,67,0.0,268.0,C1137,0,2.0
553,06/09/2023,M3,Lampe,Meuble,3,211,0.15,538.05,C1175,1,5.0
554,06/10/2025,M2,Table,Meuble,4,102,0.15,346.8,C1098,1,4.0
555,27/09/2024,M2,Canapé,Électronique,5,491,0.1,2209.5,C1239,1,4.0
556,13/11/2024,M1,Canapé,Décoration,2,59,0.15,100.3,C1061,1,1.0
557,24/05/2025,M2,Plante,Décoration,5,221,0.1,994.5,C1045,0,2.0
558,17/07/2023,M2,Enceinte,Meuble,2,97,0.05,184.29999999999998,C1000,0,3.0
559,30/06/2025,M5,Plante,Meuble,3,340,0.1,918.0,C1016,0,
560,16/07/2025,M2,Plante,Meuble,4,282,0.0,1128.0,C1055,0,2.0
561,19/11/2023,M1,Enceinte,Meuble,1,41,0.0,41.0,C1139,0,
562,06/03/2023,M2,Enceinte,Meuble,5,129,0.15,548.25,C1079,1,2.0
563,10/01/2025,M1,Lampe,Électronique,5,112,0.15,476.0,C1125,0,1.0
564,19/01/2024,M3,Tapis,Électronique,4,270,0.05,1026.0,C1286,0,2.0
565,29/10/2025,M3,Tapis,Décoration,4,231,0.15,785.4,C1260,0,
566,09/07/2024,M2,Enceinte,Électronique,1,106,0.05,100.69999999999999,C1177,0,
567,11/09/2023,M4,Canapé,Électronique,1,72,0.1,64.8,C1112,1,3.0
568,10/02/2023,M4,Canapé,Électronique,1,344,0.15,292.4,C1081,0,
569,26/03/2023,M2,Télévision,Meuble,1,123,0.05,116.85,C1037,0,2.0
570,18/07/2023,M1,Télévision,Décoration,3,301,0.1,812.7,C1049,0,2.0
571,22/06/2025,M4,Enceinte,Décoration,5,214,0.0,1177.0,C1028,0,
572,10/09/2025,M1,Plante,Électronique,3,387,0.05,1102.95,C1003,0,4.0
573,05/05/2025,M3,Lampe,Électronique,1,354,0.15,300.9,C1105,1,5.0
574,14/07/2023,M4,Tapis,Décoration,3,352,0.0,950.4,C1104,1,
575,02/11/2023,M2,Lampe,Meuble,4,114,0.1,410.40000000000003,C1193,0,1.0
576,16/06/2023,M5,Lampe,Meuble,1,464,0.0,464.0,C1166,0,4.0
577,18/09/2024,M5,Enceinte,Meuble,2,429,0.0,858.0,C1201,1,1.0
578,02/03/2024,M5,Tapis,Électronique,5,363,0.1,1633.5,C1237,0,
579,01/09/2024,M4,Tapis,Électronique,3,386,0.0,1158.0,C1011,1,3.0
580,30/10/2023,M2,Table,Meuble,3,241,0.1,650.7,C1283,0,
581,21/10/2024,M4,Lampe,Électronique,3,308,0.05,877.8,C1255,0,1.0
582,01/01/2023,M3,Tapis,Électronique,2,213,0.15,362.09999999999997,C1262,0,1.0
583,29/12/2024,M2,Enceinte,Meuble,2,275,0.05,522.5,C1057,0,4.0
584,30/09/2023,M4,Télévision,Décoration,1,483,0.05,458.84999999999997,C1273,0,4.0
585,30/11/2024,M5,Chaise,Meuble,5,93,0.05,441.75,C1031,0,
586,29/07/2023,M4,Enceinte,Électronique,5,412,0.15,1751.0,C1197,1,4.0
587,11/02/2025,M4,Enceinte,Décoration,1,39,0.1,35.1,C1184,0,
588,22/09/2025,M4,Enceinte,Meuble,4,78,0.15,265.2,C1266,1,1.0
589,09/03/2025,m1,Table,Décoration,2,303,0.15,515.1,C1018,1,2.0
590,30/10/2024,M2,Télévision,Décoration,5,460,0.0,2300.0,C1073,0,2.0
591,27/11/2024,M5,Plante,Meuble,5,137,0.15,582.25,C1132,1,5.0
592,16/02/2023,M3,Chaise,Meuble,1,74,0.1,66.60000000000001,C1059,0,1.0
593,14/06/2024,M1,Chaise,Électronique,4,311,0.15,1057.3999999999999,C1079,0,2.0
594,09/01/2023,M4,Chaise,Électronique,4,131,0.0,524.0,C1076,0,2.0
595,19/05/2024,M2,Enceinte,Décoration,4,126,0.05,478.79999999999995,C1227,1,1.0
596,10/03/2024,M2,Lampe,Électronique,1,302,0.05,286.9,C1019,0,2.0
597,15/05/2024,M3,Canapé,Décoration,1,141,0.05,133.95,C1280,1,
598,04/08/2024,M2,Tapis,Électronique,4,461,0.15,1567.3999999999999,C1126,0,4.0
599,12/08/2023,M4,Table,Électronique,4,159,0.0,636.0,C1003,0,2.0
600,12/02/2023,M5,Plante,Meuble,1,166,0.15,141.1,C1049,1,4.0
601,05/03/2024,M4,Plante,Décoration,1,487,0.1,438.3,C1280,0,2.0
602,29/06/2024,M1,Plante,Décoration,3,394,0.1,1170.18,C1024,0,5.0
603,07/01/2025,M3,Plante,Électronique,5,124,0.1,558.0,C1144,1,1.0
604,28/10/2025,M5,Enceinte,Meuble,5,33,0.15,140.25,C1008,0,1.0
605,05/07/2024,M4,Table,Meuble,5,32,0.1,144.0,C1083,1,
606,07/03/2025,M4,Plante,Décoration,2,403,0.1,725.4,C1229,0,2.0
607,20/12/2023,M1,Lampe,Décoration,4,364,0.0,1456.0,C1224,0,1.0
608,03/03/2023,M1,Table,Meuble,1,233,0.15,198.04999999999998,C1215,1,2.0
609,19/12/2023,M2,Tapis,Meuble,5,29,0.15,123.25,C1260,0,2.0
610,15/04/2023,M3,Télévision,Meuble,5,395,0.1,1777.5,C1216,1,1.0
611,01/01/2023,M1,Enceinte,Électronique,5,467,0.15,1984.75,C1048,0,2.0
612,01/09/2025,M4,Lampe,Électronique,3,35,0.05,99.75,C1113,1,5.0
613,15/08/2024,M4,Plante,Meuble,5,37,0.1,166.5,C1200,0,1.0
614,14/09/2025,M3,Tapis,Meuble,3,334,0.15,851.6999999999999,C1161,0,4.0
615,26/12/2024,M3,Enceinte,Meuble,2,72,0.0,144.0,C1171,0,1.0
616,23/12/2025,M4,Enceinte,électronique,2,470,0.0,940.0,C1269,0,2.0
617,09/03/2024,M2,Canapé,Meuble,5,177,0.1,796.5,C1119,0,
618,06/08/2024,M3,Télévision,Décoration,4,245,0.15,833.0,C1057,0,
619,18/04/2023,M3,Canapé,Décoration,1,279,0.0,279.0,C1196,0,5.0
620,07/12/2023,M4,Table,Électronique,2,405,0.1,729.0,C1271,0,3.0
621,20/09/2025,M1,Canapé,Décoration,4,27,0.0,108.0,C1235,0,5.0
622,28/09/2025,M3,Canapé,Électronique,5,421,0.0,2105.0,C1297,1,5.0
623,01/02/2024,M5,Table,Meuble,5,477,0.0,2385.0,C1133,0,5.0
624,11/08/2024,M1,Lampe,Meuble,2,254,0.15,431.8,C1193,0,2.0
625,26/02/2025,M1,Plante,Décoration,4,428,0.0,1712.0,C1010,0,3.0
626,05/08/2025,M4,Télévision,Décoration,3,480,0.0,1440.0,C1155,1,5.0
627,27/12/2023,M1,Table,Décoration,5,377,0.0,2073.5,C1074,0,1.0
628,04/01/2025,M2,Lampe,Décoration,1,55,0.1,49.5,C1012,0,1.0
629,04/11/2025,M5,Chaise,Meuble,1,459,0.1,413.1,C1217,0,3.0
630,27/10/2024,M3,Canapé,Électronique,3,69,0.15,175.95,C1190,0,2.0
631,17/12/2024,M2,Lampe,Électronique,4,245,0.15,833.0,C1219,0,
632,20/11/2024,M3,Canapé,Meuble,3,231,0.1,623.7,C1086,1,2.0
633,30/06/2023,M2,Canapé,Électronique,2,172,0.0,344.0,C1030,0,5.0
634,04/04/2025,M2,Lampe,Meuble,2,37,0.05,70.3,C1015,1,1.0
635,05/02/2023,M5,Lampe,Électronique,3,114,0.0,376.20000000000005,C1296,0,
636,29/12/2024,M3,Plante,Décoration,4,329,0.0,1316.0,C1262,1,
637,19/03/2023,M5,Table,Meuble,1,109,0.05,103.55,C1243,1,3.0
638,23/08/2023,M3,Plante,Meuble,1,235,0.1,211.5,C1178,0,2.0
639,02/03/2025,M5,Plante,Électronique,1,28,0.1,25.2,C1075,1,4.0
640,26/08/2024,M2,Canapé,Électronique,1,226,0.05,214.7,C1159,0,4.0
641,11/03/2025,M3,Plante,Électronique,3,267,0.15,680.85,C1135,0,3.0
642,26/11/2024,M1,Tapis,Décoration,2,49,0.1,88.2,C1134,1,5.0
643,31/12/2023,M5,Télévision,Décoration,1,354,0.0,354.0,C1147,0,
644,25/07/2023,M1,Chaise,Meuble,4,486,0.1,1749.6000000000001,C1128,1,5.0
645,10/04/2024,M5,Chaise,Décoration,5,82,0.15,348.5,C1011,0,2.0
646,13/08/2025,M1,Table,Électronique,5,327,0.0,1635.0,C1080,1,2.0
647,07/05/2025,M1,Plante,Électronique,2,267,0.15,453.9,C1226,1,3.0
648,13/07/2024,M1,Canapé,Meuble,3,112,0.05,319.2,C1227,0,1.0
649,28/04/2025,M3,Chaise,Décoration,1,414,0.1,372.6,C1070,0,3.0
650,04/08/2024,M5,Tapis,Électronique,2,428,0.1,770.4,C1222,0,
651,11/10/2023,M4,Lampe,Décoration,2,313,0.15,532.1,C1092,1,3.0
652,18/08/2024,M1,Table,Décoration,1,303,0.1,272.7,C1236,0,2.0
653,31/03/2023,M2,Canapé,Décoration,2,188,0.1,338.40000000000003,C1160,1,
654,21/10/2023,M3,Canapé,Meuble,3,465,0.05,1325.25,C1228,0,1.0
655,17/04/2025,M2,Tapis,Meuble,5,442,0.05,2099.5,C1126,0,2.0
656,26/07/2023,M2,Table,Électronique,3,136,0.1,367.2,C1243,0,3.0
657,07/03/2024,M2,Plante,Meuble,2,296,0.1,532.8000000000001,C1022,0,3.0
658,29/04/2025,M3,Canapé,Meuble,2,340,0.05,646.0,C1219,0,1.0
659,14/07/2024,M3,Plante,Électronique,4,318,0.05,1208.3999999999999,C1140,0,2.0
660,30/01/2025,M2,Table,Meuble,4,28,0.0,112.0,C1092,0,2.0
661,15/12/2023,M3,Chaise,Électronique,5,438,0.0,2190.0,C1020,0,5.0
662,01/07/2025,M3,Plante,Électronique,3,154,0.05,438.9,C1060,0,
663,28/11/2025,m2,Canapé,Meuble,3,133,0.05,379.04999999999995,C1019,0,1.0
664,24/06/2025,M2,Canapé,Électronique,1,171,0.1,153.9,C1243,1,1.0
665,30/07/2025,M2,Table,Décoration,2,179,0.15,304.3,C1064,0,
666,20/03/2025,m4,Canapé,Meuble,4,68,0.15,231.2,C1189,0,1.0
667,18/11/2025,M3,Table,Décoration,4,492,0.0,1968.0,C1088,0,1.0
668,17/11/2023,M2,Lampe,Meuble,4,384,0.05,1459.1999999999998,C1292,0,1.0
669,25/02/2025,M5,Plante,Électronique,2,286,0.15,486.2,C1294,0,4.0
670,02/07/2025,M4,Chaise,Décoration,1,139,0.15,118.14999999999999,C1161,0,4.0
671,03/05/2025,M5,Canapé,Décoration,5,437,0.0,2185.0,C1032,0,3.0
672,06/08/2024,M3,Table,Électronique,5,359,0.1,1615.5,C1068,1,4.0
673,17/06/2025,M1,Chaise,Meuble,4,174,0.15,591.6,C1030,0,2.0
674,28/10/2023,M5,Canapé,Meuble,5,391,0.05,1857.25,C1044,0,5.0
675,10/06/2023,m4,Lampe,Électronique,4,129,0.15,438.59999999999997,C1109,1,
676,12/11/2023,M5,Plante,Électronique,1,142,0.05,134.9,C1172,1,2.0
677,19/10/2023,M1,Télévision,Électronique,2,348,0.1,626.4,C1272,0,1.0
678,30/09/2023,M1,Canapé,Meuble,4,293,0.05,1113.3999999999999,C1176,0,1.0
679,23/12/2023,M5,Plante,Électronique,2,258,0.15,438.59999999999997,C1222,0,5.0
680,09/04/2025,M2,Tapis,Meuble,4,65,0.1,234.0,C1060,0,4.0
681,25/02/2024,M5,Tapis,Électronique,3,152,0.05,433.2,C1161,0,2.0
682,12/08/2024,M2,Plante,Électronique,2,373,0.15,634.1,C1006,0,2.0
683,27/09/2024,M5,Lampe,Électronique,3,50,0.05,142.5,C1010,0,4.0
684,30/01/2025,M1,Chaise,Meuble,2,152,0.05,288.8,C1278,0,5.0
685,08/06/2023,M2,Lampe,Électronique,2,189,0.1,340.2,C1210,1,1.0
686,18/03/2023,M1,Plante,Meuble,5,342,0.1,1539.0,C1259,0,5.0
687,19/06/2023,M1,Chaise,Meuble,5,340,0.0,1700.0,C1039,0,
688,11/03/2024,M2,Plante,Électronique,4,471,0.05,1789.8,C1041,0,2.0
689,22/08/2024,M3,Plante,Décoration,1,420,0.0,420.0,C1112,1,2.0
690,24/03/2023,M5,Télévision,Meuble,2,20,0.05,38.0,C1234,0,2.0
691,29/08/2025,M3,Enceinte,Décoration,4,425,0.15,1445.0,C1253,0,
692,11/06/2024,M2,Enceinte,Décoration,3,145,0.0,435.0,C1284,1,2.0
693,27/04/2024,m2,Chaise,Décoration,1,152,0.15,129.2,C1152,0,5.0
694,30/07/2023,M4,Tapis,Décoration,5,125,0.15,531.25,C1116,0,2.0
695,07/01/2025,M1,Chaise,Meuble,4,244,0.05,927.1999999999999,C1058,1,2.0
696,12/04/2025,m4,Enceinte,Électronique,5,275,0.15,1168.75,C1112,1,
697,23/05/2025,M5,Table,Meuble,3,23,0.15,58.65,C1156,0,
698,16/07/2025,m2,Plante,Meuble,5,20,0.0,100.0,C1095,0,4.0
699,04/08/2023,M2,Table,Meuble,2,346,0.1,622.8000000000001,C1285,1,4.0
700,19/09/2025,M3,Table,Décoration,5,368,0.1,1656.0,C1290,0,2.0
701,03/05/2023,M3,Table,Électronique,2,238,0.1,428.40000000000003,C1284,0,2.0
702,01/11/2023,M3,Télévision,Meuble,4,50,0.1,162.0,C1068,0,5.0
703,03/04/2024,M4,Enceinte,Électronique,2,56,0.1,100.8,C1284,0,5.0
704,17/01/2025,M4,Chaise,Décoration,1,305,0.1,274.5,C1041,0,
705,24/05/2023,M3,Télévision,Meuble,5,486,0.1,2187.0,C1024,0,3.0
706,09/07/2025,M5,Tapis,Électronique,2,85,0.1,153.0,C1050,0,1.0
707,23/07/2023,M1,Chaise,Meuble,2,136,0.05,258.4,C1254,1,1.0
708,19/04/2025,M2,Plante,Électronique,2,473,0.05,898.6999999999999,C1186,1,5.0
709,19/05/2025,M5,Canapé,Décoration,1,72,0.0,72.0,C1261,0,2.0
710,13/12/2025,M4,Lampe,Meuble,2,350,0.15,595.0,C1028,1,1.0
711,21/11/2024,M4,Plante,Décoration,2,21,0.15,35.699999999999996,C1053,0,5.0
712,17/06/2025,M5,Enceinte,Meuble,2,122,0.0,244.0,C1035,0,3.0
713,03/09/2024,M4,Tapis,Meuble,4,274,0.1,986.4,C1115,0,1.0
714,03/11/2025,m2,Canapé,Électronique,1,99,0.15,84.14999999999999,C1094,1,5.0
715,15/04/2023,M3,Table,Décoration,2,31,0.05,58.9,C1210,0,
716,14/10/2023,M3,Tapis,Électronique,3,332,0.15,846.6,C1030,1,2.0
717,09/02/2025,M3,Lampe,Décoration,4,53,0.05,201.39999999999998,C1050,0,2.0
718,30/04/2023,M1,Télévision,Meuble,2,162,0.0,324.0,C1134,0,3.0
719,18/07/2023,M4,Canapé,Décoration,3,225,0.1,607.5,C1048,0,
720,11/03/2025,M2,Enceinte,Meuble,1,70,0.05,66.5,C1292,0,4.0
721,17/12/2023,M1,Tapis,Décoration,2,202,0.0,404.0,C1070,0,2.0
722,06/10/2025,M5,Table,Meuble,1,368,0.15,281.52000000000004,C1294,0,5.0
723,20/09/2024,m4,Chaise,Électronique,4,235,0.15,799.0,C1081,0,2.0
724,28/02/2023,M4,Tapis,Électronique,4,490,0.0,1960.0,C1292,0,1.0
725,20/10/2025,M2,Tapis,Décoration,3,95,0.1,256.5,C1229,1,3.0
726,01/03/2025,M5,Plante,Électronique,4,258,0.1,928.8000000000001,C1227,0,3.0
727,07/05/2024,M3,Canapé,Meuble,4,110,0.0,440.0,C1091,0,4.0
728,30/05/2024,M4,Lampe,Meuble,3,464,0.0,1392.0,C1251,1,1.0
729,22/10/2024,M4,Chaise,Meuble,3,440,0.1,1188.0,C1242,0,4.0
730,26/05/2025,M4,Télévision,Meuble,1,69,0.15,58.65,C1113,0,2.0
731,10/10/2024,M5,Chaise,Électronique,2,365,0.15,620.5,C1152,1,2.0
732,20/12/2023,M2,Table,Meuble,1,474,0.05,450.29999999999995,C1256,1,3.0
733,08/06/2023,M4,Canapé,Électronique,3,187,0.15,476.84999999999997,C1153,0,4.0
734,13/03/2025,M2,Télévision,Décoration,3,236,0.05,672.6,C1274,0,1.0
735,19/05/2023,M2,Enceinte,Meuble,3,251,0.15,640.05,C1187,0,3.0
736,25/04/2025,M5,Chaise,Décoration,3,39,0.05,111.14999999999999,C1044,0,5.0
737,07/11/2025,M3,Chaise,Meuble,1,401,0.15,340.84999999999997,C1228,0,5.0
738,15/11/2023,M2,Lampe,Meuble,1,46,0.15,39.1,C1095,1,
739,25/04/2023,M5,Plante,Électronique,2,230,0.1,372.6,C1096,1,4.0
740,23/04/2024,M2,Chaise,Meuble,5,258,0.15,1096.5,C1016,0,5.0
741,03/02/2025,M1,Canapé,Décoration,4,72,0.15,244.79999999999998,C1230,0,2.0
742,03/02/2025,M2,Canapé,Décoration,3,134,0.05,381.9,C1197,0,2.0
743,27/02/2025,M4,Plante,Décoration,2,398,0.1,716.4,C1227,1,
744,21/07/2024,M1,Plante,Décoration,2,326,0.0,652.0,C1109,0,
745,25/11/2025,M3,Plante,Électronique,2,374,0.0,748.0,C1248,1,4.0
746,27/09/2024,M2,Tapis,Décoration,1,195,0.0,195.0,C1171,0,3.0
747,19/05/2025,M3,Lampe,Meuble,4,159,0.05,604.1999999999999,C1085,1,4.0
748,13/07/2024,M4,Canapé,Décoration,2,56,0.0,112.0,C1028,1,4.0
749,05/11/2024,M1,Tapis,Électronique,3,434,0.05,1236.8999999999999,C1217,0,4.0
750,05/11/2025,M1,Canapé,Meuble,1,167,0.15,141.95,C1294,0,1.0
751,11/09/2023,M1,Tapis,Décoration,5,246,0.15,1045.5,C1228,0,2.0
752,03/08/2025,M3,Table,Électronique,5,101,0.1,454.5,C1183,0,5.0
753,09/11/2024,M1,Chaise,Électronique,1,417,0.05,396.15,C1074,0,
754,04/07/2023,M5,Tapis,Électronique,5,196,0.1,882.0,C1081,0,4.0
755,17/10/2024,M4,Canapé,Décoration,5,349,0.05,1657.75,C1213,1,5.0
756,08/01/2024,M2,Plante,Meuble,2,114,0.15,193.79999999999998,C1151,1,
757,04/05/2025,M1,Table,Électronique,2,404,0.05,767.5999999999999,C1160,0,3.0
758,06/07/2023,M5,Plante,Électronique,5,162,0.0,810.0,C1040,0,2.0
759,24/11/2025,M3,Chaise,Électronique,4,111,0.05,421.79999999999995,C1156,0,5.0
760,08/01/2024,M1,Table,Décoration,1,102,0.05,87.21,C1097,1,4.0
761,13/11/2025,M5,Plante,Décoration,4,54,0.05,205.2,C1075,0,5.0
762,28/11/2023,M2,Enceinte,Décoration,1,451,0.1,405.90000000000003,C1269,1,5.0
763,07/08/2023,M2,Tapis,Décoration,3,403,0.05,1148.55,C1064,0,5.0
764,25/04/2024,M4,Enceinte,Décoration,2,309,0.1,556.2,C1063,0,2.0
765,09/08/2025,M2,Table,Électronique,5,341,0.05,1619.75,C1048,1,5.0
766,09/06/2024,M4,Lampe,Meuble,2,39,0.1,70.2,C1167,1,3.0
767,18/09/2023,m2,Enceinte,Électronique,5,30,0.0,150.0,C1175,1,
768,09/07/2023,M2,Plante,Décoration,2,230,0.05,437.0,C1188,0,2.0
769,01/11/2025,M3,Télévision,Électronique,1,262,0.05,248.89999999999998,C1073,0,2.0
770,14/09/2025,M5,Plante,Électronique,1,453,0.1,407.7,C1106,0,2.0
771,11/01/2025,M4,Lampe,Décoration,2,218,0.05,414.2,C1174,0,3.0
772,08/05/2023,M5,Télévision,Électronique,5,94,0.1,423.0,C1156,0,3.0
773,14/03/2025,M3,Enceinte,meuble,4,389,0.1,1400.4,C1274,0,
774,21/04/2023,M2,Plante,Électronique,5,223,0.15,947.75,C1067,0,3.0
775,17/04/2023,M3,Lampe,Électronique,3,285,0.1,769.5,C1224,0,4.0
776,21/05/2023,M5,Canapé,décoration,2,269,0.05,511.09999999999997,C1149,0,3.0
777,25/11/2025,M5,Canapé,Électronique,1,294,0.1,264.6,C1183,0,1.0
778,19/06/2024,M1,Enceinte,Électronique,1,91,0.1,81.9,C1147,0,2.0
779,23/04/2025,M5,Chaise,Décoration,4,374,0.05,1421.2,C1298,0,3.0
780,07/02/2025,M5,Tapis,Électronique,4,286,0.0,1144.0,C1005,0,4.0
781,05/01/2023,M2,Table,Électronique,3,89,0.1,240.3,C1095,0,1.0
782,12/06/2025,M1,Table,Meuble,2,246,0.1,442.8,C1209,0,4.0
783,15/05/2025,M2,Plante,Électronique,5,265,0.15,1126.25,C1114,0,4.0
784,19/06/2025,M1,Enceinte,Décoration,5,96,0.05,456.0,C1061,0,1.0
785,05/12/2024,M2,Enceinte,Décoration,5,492,0.05,2337.0,C1100,1,4.0
786,06/07/2024,M5,Lampe,Meuble,5,416,0.05,1976.0,C1045,0,5.0
787,22/04/2024,M2,Plante,Meuble,4,307,0.05,1166.6,C1276,0,4.0
788,01/02/2023,M1,Lampe,Électronique,2,263,0.1,473.40000000000003,C1078,0,2.0
789,22/04/2024,M3,Chaise,Décoration,4,426,0.15,1448.3999999999999,C1277,0,1.0
790,12/04/2024,M4,Table,Électronique,2,142,0.05,269.8,C1085,0,5.0
791,28/07/2025,M2,Enceinte,Décoration,3,286,0.05,815.0999999999999,C1203,0,2.0
792,14/09/2023,M3,Table,Décoration,5,319,0.1,1435.5,C1234,1,
793,16/12/2024,M4,Chaise,Électronique,3,308,0.05,877.8,C1227,0,2.0
794,16/09/2023,M5,Canapé,Électronique,4,92,0.1,331.2,C1111,0,5.0
795,21/02/2023,M1,Télévision,Décoration,5,270,0.15,1147.5,C1164,0,5.0
796,01/11/2024,M3,Lampe,Décoration,1,72,0.15,61.199999999999996,C1012,0,3.0
797,20/12/2023,M5,Canapé,Électronique,4,292,0.0,1168.0,C1170,0,3.0
798,07/07/2025,M3,Table,Décoration,4,111,0.0,444.0,C1239,0,
799,21/09/2024,M4,Plante,Meuble,1,458,0.05,435.09999999999997,C1272,1,5.0
800,09/08/2024,M1,Lampe,Décoration,3,279,0.0,837.0,C1209,1,2.0
801,09/02/2025,M3,Lampe,Électronique,4,475,0.1,1710.0,C1061,1,5.0
802,10/09/2023,m1,Télévision,Décoration,4,295,0.05,1121.0,C1195,1,4.0
803,02/05/2024,M1,Canapé,Décoration,1,202,0.05,191.89999999999998,C1174,1,3.0
804,19/11/2023,M5,Canapé,Meuble,2,208,0.1,374.40000000000003,C1224,0,4.0
805,21/11/2024,M4,Canapé,Meuble,2,464,0.1,835.2,C1154,1,
806,13/12/2023,M1,Plante,Meuble,3,67,0.0,201.0,C1138,1,2.0
807,12/01/2023,M3,Tapis,Décoration,5,312,0.05,1482.0,C1184,0,2.0
808,06/10/2024,M1,Plante,Électronique,4,153,0.05,581.4,C1274,0,1.0
809,25/11/2023,M1,Table,Électronique,3,83,0.0,249.0,C1141,0,2.0
810,07/02/2024,M5,Lampe,Électronique,5,111,0.05,527.25,C1087,0,3.0
811,28/06/2023,m5,Télévision,Meuble,4,242,0.0,968.0,C1180,1,4.0
812,23/03/2025,M1,Tapis,électronique,5,325,0.1,1462.5,C1183,0,1.0
813,03/02/2024,M5,Plante,Meuble,4,358,0.15,1095.48,C1279,1,3.0
814,07/09/2023,M5,Tapis,Meuble,4,300,0.15,1020.0,C1103,1,5.0
815,20/04/2023,M4,Enceinte,Électronique,1,121,0.0,121.0,C1266,0,5.0
816,20/09/2025,M2,Lampe,Meuble,5,27,0.15,114.75,C1013,0,
817,06/04/2025,M2,Tapis,Meuble,2,265,0.0,530.0,C1178,0,2.0
818,31/08/2025,M5,Télévision,Meuble,1,498,0.1,448.2,C1064,0,3.0
819,10/10/2025,M3,Tapis,Électronique,3,454,0.0,1362.0,C1070,1,
820,29/03/2024,M1,Canapé,Meuble,4,57,0.05,216.6,C1012,0,3.0
821,19/11/2024,M2,Table,Meuble,1,377,0.05,358.15,C1068,1,2.0
822,24/07/2025,M3,Tapis,Meuble,1,108,0.1,97.2,C1136,1,1.0
823,01/04/2023,M1,Plante,Électronique,1,473,0.0,473.0,C1278,1,4.0
824,12/08/2023,M2,Chaise,Électronique,2,479,0.0,958.0,C1179,0,
825,10/12/2025,M3,Chaise,Meuble,5,373,0.0,1865.0,C1013,0,5.0
826,08/05/2025,M1,Plante,Électronique,4,195,0.1,702.0,C1292,0,4.0
827,24/09/2023,M2,Télévision,Électronique,3,210,0.05,598.5,C1027,0,5.0
828,06/01/2025,M3,Table,Meuble,2,292,0.15,496.4,C1031,0,
829,28/04/2023,M5,Télévision,Décoration,1,406,0.15,345.09999999999997,C1009,0,4.0
830,31/10/2024,M5,Télévision,Électronique,3,198,0.05,564.3,C1074,1,1.0
831,29/07/2024,m1,Enceinte,Électronique,3,377,0.15,961.35,C1185,0,3.0
832,31/05/2024,M5,Télévision,Décoration,2,441,0.0,882.0,C1206,1,3.0
833,04/01/2024,M4,Chaise,Meuble,4,415,0.05,1577.0,C1062,0,1.0
834,18/08/2023,M5,Table,Décoration,2,490,0.05,931.0,C1254,1,5.0
835,26/03/2024,M1,Canapé,Décoration,4,253,0.1,910.8000000000001,C1037,0,1.0
836,04/11/2023,M1,Table,Meuble,5,244,0.15,1037.0,C1021,0,4.0
837,05/10/2024,M3,Tapis,Meuble,1,488,0.15,414.8,C1068,0,5.0
838,11/03/2024,M5,Table,Décoration,3,120,0.05,342.0,C1241,0,
839,28/09/2025,M2,Enceinte,Meuble,4,390,0.1,1404.0,C1140,1,2.0
840,29/09/2023,M2,Plante,Électronique,1,137,0.1,123.3,C1054,0,3.0
841,08/09/2025,M1,Plante,Électronique,1,440,0.05,418.0,C1168,0,1.0
842,14/02/2023,m4,Télévision,Meuble,2,145,0.0,290.0,C1224,1,3.0
843,16/10/2024,M1,Plante,Électronique,4,195,0.15,663.0,C1238,1,2.0
844,27/10/2023,M5,Plante,Meuble,4,435,0.05,1653.0,C1273,0,1.0
845,08/08/2023,M1,Enceinte,Décoration,1,181,0.15,153.85,C1027,0,3.0
846,23/11/2024,m3,Enceinte,Décoration,2,307,0.05,583.3,C1203,0,1.0
847,27/05/2024,M4,Canapé,électronique,5,477,0.0,2385.0,C1025,1,
848,06/12/2025,M2,Télévision,Décoration,2,393,0.15,668.1,C1103,0,4.0
849,02/09/2023,M4,Canapé,Électronique,1,396,0.0,396.0,C1081,0,5.0
850,13/07/2023,M2,Chaise,Décoration,5,360,0.1,1620.0,C1028,0,5.0
851,29/06/2024,M3,Enceinte,Meuble,5,258,0.15,1096.5,C1182,0,5.0
852,17/07/2024,M5,Canapé,Décoration,2,224,0.05,425.59999999999997,C1017,0,4.0
853,31/05/2025,M1,Enceinte,Électronique,1,183,0.0,183.0,C1217,0,
854,23/06/2024,M2,Enceinte,Décoration,5,279,0.0,1395.0,C1261,0,5.0
855,17/10/2025,M3,Table,Électronique,4,275,0.05,1045.0,C1073,0,3.0
856,12/04/2024,M1,Enceinte,Décoration,4,465,0.15,1581.0,C1152,0,4.0
857,28/08/2025,M1,Plante,Décoration,1,56,0.1,50.4,C1189,1,5.0
858,26/10/2023,M4,Enceinte,Électronique,5,109,0.0,545.0,C1104,0,5.0
859,13/11/2024,M5,Lampe,Meuble,4,244,0.0,976.0,C1203,0,3.0
860,11/03/2024,M1,Canapé,Meuble,1,498,0.05,473.09999999999997,C1295,0,5.0
861,15/04/2023,M3,Chaise,Électronique,5,348,0.0,1740.0,C1005,0,1.0
862,07/02/2023,M4,Plante,Décoration,5,185,0.0,925.0,C1205,0,
863,19/06/2023,M1,Plante,Électronique,2,82,0.1,147.6,C1173,0,
864,19/12/2023,M3,Table,Décoration,2,186,0.05,353.4,C1209,1,1.0
865,17/09/2024,M2,Table,Électronique,4,469,0.05,1782.1999999999998,C1100,1,
866,02/09/2024,M5,Canapé,Électronique,5,222,0.0,1110.0,C1020,0,
867,30/05/2023,M5,Chaise,Meuble,4,58,0.15,197.2,C1239,0,4.0
868,16/05/2025,M4,Enceinte,Décoration,2,227,0.05,431.29999999999995,C1189,0,1.0
869,06/12/2025,m4,Chaise,Décoration,5,439,0.1,1975.5,C1159,1,5.0
870,30/03/2024,M4,Plante,Meuble,4,390,0.15,1326.0,C1216,1,
871,03/01/2023,M4,Enceinte,Décoration,2,486,0.1,874.8000000000001,C1244,0,4.0
872,27/09/2025,M1,Tapis,Décoration,2,415,0.1,747.0,C1231,0,4.0
873,01/08/2025,M2,Lampe,Électronique,2,331,0.15,562.6999999999999,C1068,1,2.0
874,30/10/2023,M4,Lampe,Décoration,4,294,0.0,1176.0,C1054,0,4.0
875,31/10/2025,M5,Enceinte,Décoration,4,243,0.15,826.1999999999999,C1137,0,5.0
876,09/04/2023,M2,Tapis,Électronique,1,238,0.15,202.29999999999998,C1135,0,3.0
877,31/10/2023,M1,Lampe,Meuble,4,448,0.0,1792.0,C1231,1,
878,13/09/2023,M2,Télévision,Meuble,3,354,0.1,955.8000000000001,C1201,0,4.0
879,22/06/2025,M3,Télévision,Électronique,5,111,0.0,555.0,C1197,0,3.0
880,18/10/2024,M3,Canapé,Décoration,3,230,0.05,655.5,C1273,0,4.0
881,10/07/2024,M1,Plante,Électronique,4,360,0.05,1368.0,C1007,1,1.0
882,31/08/2024,M3,Télévision,Meuble,2,372,0.15,632.4,C1130,1,1.0
883,21/10/2023,M3,Enceinte,Décoration,2,410,0.15,697.0,C1270,0,1.0
884,03/10/2023,M2,Plante,Décoration,1,120,0.1,108.0,C1297,0,3.0
885,16/11/2025,M1,Télévision,Meuble,5,186,0.1,837.0,C1225,0,3.0
886,14/02/2025,M2,Table,Décoration,5,450,0.1,2025.0,C1039,1,5.0
887,09/07/2024,M4,Tapis,Meuble,1,279,0.1,251.1,C1192,1,4.0
888,18/01/2024,M3,Plante,Électronique,3,406,0.1,1205.8200000000002,C1043,1,2.0
889,15/04/2024,M2,Tapis,Décoration,2,197,0.1,354.6,C1039,0,3.0
890,31/08/2023,M1,Chaise,Meuble,4,492,0.0,1968.0,C1153,0,4.0
891,26/04/2025,M3,Canapé,Meuble,1,167,0.1,150.3,C1038,0,2.0
892,21/10/2024,M3,Chaise,Décoration,1,345,0.0,345.0,C1107,0,4.0
893,01/01/2023,M4,Lampe,Décoration,4,380,0.1,1368.0,C1056,0,1.0
894,02/09/2024,M3,Tapis,Électronique,3,114,0.05,324.9,C1055,0,
895,11/02/2025,M2,Lampe,décoration,2,221,0.05,461.89,C1283,1,
896,29/06/2025,M4,Table,Décoration,1,264,0.15,224.4,C1000,1,
897,12/09/2024,M3,Enceinte,Électronique,5,154,0.05,731.5,C1212,0,2.0
898,13/08/2024,M4,Tapis,Décoration,4,270,0.05,1026.0,C1044,1,
899,09/07/2025,M2,Tapis,Meuble,3,102,0.15,286.11,C1060,0,
900,30/08/2025,M2,Lampe,Électronique,3,402,0.05,1145.7,C1044,0,4.0
901,19/07/2025,M1,Canapé,Électronique,3,55,0.0,165.0,C1042,1,2.0
902,13/09/2025,M1,Enceinte,Meuble,1,493,0.05,468.34999999999997,C1229,1,2.0
903,16/11/2023,M3,Table,Meuble,4,313,0.05,1189.3999999999999,C1224,0,5.0
904,01/09/2025,M5,Télévision,Décoration,5,352,0.15,1496.0,C1064,0,3.0
905,12/11/2025,M5,Chaise,Décoration,1,378,0.1,340.2,C1268,0,4.0
906,31/05/2024,m5,Canapé,Meuble,5,476,0.05,2261.0,C1103,1,1.0
907,21/12/2024,M3,Enceinte,Électronique,3,368,0.0,1104.0,C1094,1,1.0
908,22/12/2025,M5,Télévision,Meuble,5,41,0.0,205.0,C1205,0,5.0
909,17/06/2024,M4,Chaise,Meuble,5,298,0.05,1415.5,C1113,0,2.0
910,30/04/2024,M1,Canapé,Électronique,2,280,0.05,532.0,C1072,0,3.0
911,16/05/2023,M5,Enceinte,Décoration,3,376,0.05,1071.6,C1277,0,5.0
912,07/04/2023,M2,Lampe,Décoration,5,486,0.15,2065.5,C1094,0,4.0
913,03/03/2023,M1,Télévision,Meuble,5,65,0.15,276.25,C1262,0,2.0
914,21/09/2023,M5,Tapis,Décoration,1,463,0.0,463.0,C1173,0,2.0
915,10/10/2025,M4,Lampe,Électronique,5,318,0.0,1590.0,C1069,0,1.0
916,26/04/2025,M2,Table,Électronique,5,236,0.1,1062.0,C1224,1,4.0
917,25/01/2025,M2,Tapis,Meuble,3,165,0.15,420.75,C1169,0,4.0
918,05/05/2023,M4,Enceinte,Électronique,4,118,0.0,472.0,C1010,0,3.0
919,24/06/2023,M3,Lampe,Décoration,1,338,0.15,287.3,C1275,0,
920,14/01/2024,M5,Tapis,Électronique,2,30,0.15,51.0,C1036,0,4.0
921,17/04/2023,M4,Télévision,Électronique,5,355,0.1,1597.5,C1066,0,1.0
922,22/02/2023,M4,Canapé,Meuble,4,357,0.1,1285.2,C1254,1,1.0
923,09/01/2023,M5,Canapé,Meuble,4,172,0.1,619.2,C1014,0,1.0
924,24/04/2023,M5,Lampe,Décoration,4,272,0.0,1088.0,C1162,0,4.0
925,31/10/2024,M5,Télévision,Décoration,4,306,0.05,1162.8,C1005,1,5.0
926,01/09/2024,M2,Canapé,Électronique,3,240,0.15,612.0,C1049,0,4.0
927,29/06/2023,M3,Canapé,Meuble,5,92,0.15,391.0,C1196,0,5.0
928,20/09/2025,M4,Enceinte,Meuble,2,115,0.1,207.0,C1121,1,5.0
929,19/04/2024,M1,Plante,Électronique,2,380,0.0,760.0,C1037,1,1.0
930,10/03/2023,m2,Canapé,Meuble,2,346,0.1,622.8000000000001,C1048,1,
931,23/02/2025,M2,Lampe,Électronique,4,102,0.0,408.0,C1271,0,4.0
932,24/02/2025,M1,Canapé,Décoration,1,141,0.05,133.95,C1146,0,2.0
933,21/10/2023,M2,Chaise,Décoration,5,455,0.05,2161.25,C1201,0,3.0
934,11/01/2024,M5,Enceinte,Meuble,2,411,0.05,780.9,C1160,1,2.0
935,07/12/2024,M5,Lampe,Décoration,5,342,0.05,1624.5,C1157,1,3.0
936,30/03/2023,M2,Télévision,Meuble,3,61,0.1,164.70000000000002,C1271,0,1.0
937,31/10/2024,M3,Canapé,Meuble,1,41,0.1,36.9,C1058,1,1.0
938,25/10/2025,M1,Table,Meuble,4,335,0.0,1340.0,C1067,1,4.0
939,19/04/2023,m4,Télévision,Meuble,5,450,0.05,2137.5,C1103,0,1.0
940,31/01/2023,M3,Télévision,Meuble,2,309,0.15,525.3,C1257,0,2.0
941,20/05/2025,M2,Chaise,Meuble,2,23,0.05,43.699999999999996,C1138,0,
942,21/06/2024,M4,Canapé,Meuble,3,70,0.0,210.0,C1103,1,
943,10/05/2024,M2,Plante,Électronique,3,144,0.0,432.0,C1224,0,1.0
944,29/06/2024,M1,Tapis,Décoration,4,434,0.0,1736.0,C1151,0,1.0
945,28/12/2024,M1,Lampe,Électronique,1,316,0.15,268.59999999999997,C1016,0,4.0
946,22/08/2025,M2,Canapé,Décoration,1,446,0.0,446.0,C1234,0,2.0
947,23/12/2025,M1,Plante,Meuble,4,382,0.05,1596.76,C1274,0,4.0
948,13/08/2023,M1,Télévision,Meuble,5,436,0.15,1853.0,C1246,1,3.0
949,14/04/2025,M3,Télévision,Meuble,2,448,0.05,851.1999999999999,C1025,0,2.0
950,12/03/2024,M1,Lampe,Électronique,4,356,0.0,1424.0,C1191,0,3.0
951,11/10/2024,M1,Plante,Meuble,4,187,0.0,748.0,C1060,0,3.0
952,24/02/2025,M4,Tapis,Meuble,2,162,0.05,338.58000000000004,C1099,0,5.0
953,04/12/2024,M1,Table,Meuble,1,393,0.05,373.34999999999997,C1204,1,2.0
954,08/06/2025,m1,Tapis,Meuble,3,305,0.1,823.5,C1175,0,5.0
955,21/02/2025,M3,Table,Électronique,3,393,0.0,1179.0,C1254,0,
956,13/08/2024,M4,Chaise,Électronique,4,459,0.0,1836.0,C1101,0,4.0
957,19/07/2023,M1,Chaise,Décoration,1,327,0.15,277.95,C1016,0,2.0
958,29/01/2025,M5,Chaise,Électronique,1,373,0.1,335.7,C1014,0,
959,17/10/2025,M5,Table,Électronique,5,125,0.0,625.0,C1209,0,
960,31/07/2023,M3,Plante,Décoration,4,72,0.05,273.59999999999997,C1029,0,3.0
961,22/06/2023,M1,Chaise,Meuble,5,287,0.15,1219.75,C1191,0,
962,21/10/2025,M3,Plante,Décoration,2,75,0.15,127.5,C1126,1,4.0
963,16/09/2025,M4,Plante,Électronique,3,276,0.05,786.5999999999999,C1101,1,1.0
964,16/06/2023,M3,Lampe,Électronique,1,196,0.0,196.0,C1253,1,2.0
965,20/08/2025,M4,Tapis,Décoration,1,312,0.1,280.8,C1095,0,4.0
966,22/04/2023,M3,Table,Électronique,3,189,0.1,561.33,C1079,0,5.0
967,06/02/2024,M3,Chaise,Meuble,2,323,0.05,613.6999999999999,C1160,0,5.0
968,16/08/2023,M4,Tapis,Électronique,5,37,0.15,157.25,C1263,0,3.0
969,08/01/2023,M4,Tapis,Meuble,4,272,0.1,979.2,C1038,0,5.0
970,06/10/2025,M1,Télévision,Électronique,5,301,0.0,1505.0,C1271,0,4.0
971,20/01/2023,M2,Lampe,Décoration,5,195,0.1,877.5,C1237,1,4.0
972,03/05/2023,M1,Lampe,Électronique,2,419,0.1,754.2,C1183,1,5.0
973,19/04/2023,M5,Plante,Décoration,3,150,0.05,427.5,C1118,0,3.0
974,31/01/2024,M1,Canapé,Décoration,2,290,0.05,551.0,C1048,0,
975,13/07/2025,M4,Télévision,Meuble,1,220,0.15,187.0,C1125,0,5.0
976,03/01/2025,M5,Tapis,Décoration,1,223,0.1,200.70000000000002,C1101,0,
977,28/10/2025,M3,Canapé,Électronique,1,247,0.1,222.3,C1020,0,2.0
978,01/07/2023,M2,Télévision,Décoration,1,404,0.1,363.6,C1177,1,3.0
979,17/12/2025,M4,Chaise,Décoration,5,133,0.0,665.0,C1216,0,2.0
980,27/08/2024,M4,Tapis,Décoration,2,307,0.15,521.9,C1135,1,3.0
981,27/01/2024,M4,Télévision,Électronique,1,487,0.15,413.95,C1070,1,4.0
982,25/02/2024,M2,Plante,Meuble,3,319,0.0,957.0,C1039,0,1.0
983,06/08/2024,M3,Enceinte,Meuble,1,81,0.15,68.85,C1233,0,3.0
984,21/05/2023,M3,Plante,Décoration,3,121,0.15,308.55,C1283,0,4.0
985,11/02/2025,M1,Canapé,Électronique,3,490,0.05,1396.5,C1077,1,
986,28/02/2023,M4,Télévision,Électronique,1,22,0.0,22.0,C1145,0,
987,10/01/2023,M1,Plante,Électronique,1,36,0.05,34.199999999999996,C1076,0,1.0
988,06/01/2024,M2,Télévision,Meuble,4,81,0.05,307.8,C1120,0,
989,17/02/2025,M5,Télévision,Décoration,2,275,0.0,550.0,C1138,0,4.0
990,23/06/2025,M4,Plante,Électronique,1,182,0.15,154.7,C1292,0,5.0
991,12/12/2024,M3,Chaise,Électronique,1,251,0.15,213.35,C1059,0,
992,29/01/2024,M3,Chaise,Décoration,1,62,0.15,52.699999999999996,C1130,1,5.0
993,08/11/2024,M3,Télévision,Électronique,1,377,0.1,339.3,C1170,0,2.0
994,20/06/2025,M4,Lampe,meuble,4,33,0.1,118.8,C1170,0,5.0
995,12/07/2024,M1,Canapé,Électronique,2,36,0.15,61.199999999999996,C1076,1,1.0
996,15/07/2024,m4,Plante,Électronique,5,76,0.1,342.0,C1141,0,2.0
997,29/08/2025,M3,Tapis,Décoration,1,98,0.0,98.0,C1203,0,4.0
998,15/09/2024,M2,Plante,Décoration,2,36,0.05,68.39999999999999,C1245,0,4.0
999,27/07/2024,m2,Table,Meuble,3,391,0.15,997.05,C1018,1,5.0
1000,25/11/2024,M1,Lampe,Meuble,1,247,0.0,247.0,C1187,1,3.0
